feature_id,date,water_median,wet_median,pv_median,npv_median,bs_median,count
r1wjpxg6j,1986-08-01,0.6778,0.0485,0.0666,0.1805,0.0246,6
r1wjpxg6j,1986-09-01,0.683,0.0494,0.0658,0.1757,0.0241,30
r1wjpxg6j,1986-10-01,0.692,0.051,0.0643,0.1675,0.0232,31
r1wjpxg6j,1986-11-01,0.701,0.0526,0.0629,0.1594,0.0222,30
r1wjpxg6j,1986-12-01,0.71,0.0542,0.0614,0.1512,0.0213,31
r1wjpxg6j,1987-01-01,0.7191,0.0559,0.0599,0.143,0.0203,31
r1wjpxg6j,1987-02-01,0.7278,0.0574,0.0585,0.1351,0.0194,28
r1wjpxg6j,1987-03-01,0.7365,0.0589,0.0571,0.1272,0.0185,31
r1wjpxg6j,1987-04-01,0.7454,0.0605,0.0557,0.1191,0.0176,30
r1wjpxg6j,1987-05-01,0.7544,0.0621,0.0543,0.1109,0.0166,31
r1wjpxg6j,1987-06-01,0.7634,0.0637,0.0528,0.1028,0.0157,30
r1wjpxg6j,1987-07-01,0.7679,0.0667,0.0512,0.0981,0.015,31
r1wjpxg6j,1987-08-01,0.747,0.0793,0.0488,0.108,0.0154,31
r1wjpxg6j,1987-09-01,0.726,0.0916,0.0463,0.1186,0.0158,30
r1wjpxg6j,1987-10-01,0.7131,0.0788,0.0405,0.1463,0.0192,31
r1wjpxg6j,1987-11-01,0.7078,0.0585,0.0341,0.1895,0.0251,30
r1wjpxg6j,1987-12-01,0.4399,0.136,0.0342,0.3039,0.0346,31
r1wjpxg6j,1988-01-01,0.2342,0.1198,0.05,0.4982,0.0859,31
r1wjpxg6j,1988-02-01,0.2785,0.1142,0.0592,0.4593,0.0801,29
r1wjpxg6j,1988-03-01,0.3796,0.1005,0.0662,0.3816,0.0649,31
r1wjpxg6j,1988-04-01,0.4824,0.0866,0.0734,0.3025,0.0495,30
r1wjpxg6j,1988-05-01,0.5852,0.0728,0.0806,0.2235,0.0341,31
r1wjpxg6j,1988-06-01,0.682,0.0579,0.0879,0.1502,0.0195,30
r1wjpxg6j,1988-07-01,0.7301,0.0359,0.0933,0.1294,0.0119,31
r1wjpxg6j,1988-08-01,0.7523,0.0158,0.0784,0.1346,0.0127,31
r1wjpxg6j,1988-09-01,0.8543,0.0077,0.0507,0.0687,0.017,30
r1wjpxg6j,1988-10-01,0.8987,0.0057,0.0329,0.0484,0.0132,31
r1wjpxg6j,1988-11-01,0.9431,0.0037,0.015,0.0281,0.0094,30
r1wjpxg6j,1988-12-01,0.9526,0.0077,0.0056,0.0192,0.0147,31
r1wjpxg6j,1989-01-01,0.9556,0.0061,0.009,0.0185,0.01,31
r1wjpxg6j,1989-02-01,0.9465,0.0068,0.011,0.0235,0.0117,28
r1wjpxg6j,1989-03-01,0.9388,0.0076,0.0136,0.0274,0.0118,31
r1wjpxg6j,1989-04-01,0.9407,0.0098,0.0171,0.023,0.0088,30
r1wjpxg6j,1989-05-01,0.946,0.013,0.0208,0.0146,0.0051,31
r1wjpxg6j,1989-06-01,0.9492,0.0159,0.0216,0.0098,0.003,30
r1wjpxg6j,1989-07-01,0.9358,0.0337,0.0184,0.0099,0.0014,31
r1wjpxg6j,1989-08-01,0.9489,0.0213,0.0179,0.0098,0.0017,31
r1wjpxg6j,1989-09-01,0.9562,0.0113,0.0176,0.01,0.004,30
r1wjpxg6j,1989-10-01,0.9491,0.0135,0.0155,0.0172,0.0042,31
r1wjpxg6j,1989-11-01,0.9378,0.0104,0.0135,0.0301,0.0077,30
r1wjpxg6j,1989-12-01,0.9267,0.0084,0.0123,0.0417,0.0104,31
r1wjpxg6j,1990-01-01,0.916,0.009,0.0134,0.0501,0.0109,31
r1wjpxg6j,1990-02-01,0.9058,0.0096,0.0145,0.058,0.0113,28
r1wjpxg6j,1990-03-01,0.8956,0.0102,0.0156,0.066,0.0117,31
r1wjpxg6j,1990-04-01,0.896,0.0101,0.0165,0.0692,0.008,30
r1wjpxg6j,1990-05-01,0.8976,0.0147,0.0222,0.0577,0.0063,31
r1wjpxg6j,1990-06-01,0.9027,0.0167,0.0262,0.0483,0.0053,30
r1wjpxg6j,1990-07-01,0.9124,0.0159,0.0285,0.0361,0.006,31
r1wjpxg6j,1990-08-01,0.9066,0.0146,0.0315,0.0404,0.0061,31
r1wjpxg6j,1990-09-01,0.8976,0.0134,0.0304,0.0509,0.0077,30
r1wjpxg6j,1990-10-01,0.8958,0.0133,0.024,0.0566,0.0093,31
r1wjpxg6j,1990-11-01,0.8734,0.0092,0.0203,0.0783,0.0169,30
r1wjpxg6j,1990-12-01,0.8512,0.0077,0.0189,0.1009,0.0197,31
r1wjpxg6j,1991-01-01,0.8794,0.0047,0.0205,0.0688,0.0256,31
r1wjpxg6j,1991-02-01,0.8829,0.0058,0.0211,0.0613,0.0276,28
r1wjpxg6j,1991-03-01,0.8811,0.0079,0.0213,0.0638,0.0246,31
r1wjpxg6j,1991-04-01,0.8677,0.0218,0.0229,0.0668,0.0196,30
r1wjpxg6j,1991-05-01,0.9006,0.0149,0.0233,0.049,0.013,31
r1wjpxg6j,1991-06-01,0.9027,0.0149,0.0289,0.0415,0.0109,30
r1wjpxg6j,1991-07-01,0.8999,0.0139,0.0341,0.0389,0.0122,31
r1wjpxg6j,1991-08-01,0.8991,0.018,0.0349,0.037,0.0101,31
r1wjpxg6j,1991-09-01,0.8991,0.0231,0.0346,0.0357,0.0079,30
r1wjpxg6j,1991-10-01,0.8689,0.015,0.0331,0.0609,0.021,31
r1wjpxg6j,1991-11-01,0.8481,0.0089,0.024,0.0953,0.0222,30
r1wjpxg6j,1991-12-01,0.8418,0.0064,0.0181,0.1086,0.0235,31
r1wjpxg6j,1992-01-01,0.8315,0.008,0.0187,0.1124,0.0276,31
r1wjpxg6j,1992-02-01,0.8138,0.009,0.0188,0.1311,0.0257,29
r1wjpxg6j,1992-03-01,0.8015,0.0112,0.0204,0.1417,0.0234,31
r1wjpxg6j,1992-04-01,0.7911,0.0134,0.0226,0.1495,0.0212,30
r1wjpxg6j,1992-05-01,0.7978,0.023,0.0314,0.1287,0.0145,31
r1wjpxg6j,1992-06-01,0.7775,0.0566,0.0393,0.1095,0.0146,30
r1wjpxg6j,1992-07-01,0.7944,0.0303,0.0474,0.1133,0.0136,31
r1wjpxg6j,1992-08-01,0.8103,0.0414,0.0463,0.0875,0.0118,31
r1wjpxg6j,1992-09-01,0.755,0.0467,0.0579,0.1086,0.0301,30
r1wjpxg6j,1992-10-01,0.4737,0.1458,0.071,0.1717,0.1349,31
r1wjpxg6j,1992-11-01,0.1924,0.2449,0.084,0.2349,0.2396,30
r1wjpxg6j,1992-12-01,0.455,0.1498,0.06,0.1751,0.1569,31
r1wjpxg6j,1993-01-01,0.8435,0.0076,0.0327,0.0901,0.0245,31
r1wjpxg6j,1993-02-01,0.8382,0.0125,0.0287,0.0883,0.0308,28
r1wjpxg6j,1993-03-01,0.8536,0.0099,0.0251,0.091,0.0195,31
r1wjpxg6j,1993-04-01,0.8335,0.0104,0.0262,0.1001,0.0279,30
r1wjpxg6j,1993-05-01,0.8404,0.0212,0.027,0.0954,0.0138,31
r1wjpxg6j,1993-06-01,0.8344,0.017,0.0286,0.1036,0.0151,30
r1wjpxg6j,1993-07-01,0.8225,0.0172,0.0318,0.101,0.0261,31
r1wjpxg6j,1993-08-01,0.8245,0.0168,0.0358,0.093,0.0285,31
r1wjpxg6j,1993-09-01,0.8369,0.0141,0.0396,0.0856,0.0223,30
r1wjpxg6j,1993-10-01,0.8462,0.0114,0.0419,0.0812,0.0174,31
r1wjpxg6j,1993-11-01,0.8374,0.0061,0.0305,0.1043,0.02,30
r1wjpxg6j,1993-12-01,0.8317,0.0064,0.0221,0.1041,0.035,31
r1wjpxg6j,1994-01-01,0.8027,0.006,0.0217,0.1348,0.0329,31
r1wjpxg6j,1994-02-01,0.7863,0.0056,0.0219,0.1505,0.0338,28
r1wjpxg6j,1994-03-01,0.7918,0.0079,0.0249,0.1366,0.0367,31
r1wjpxg6j,1994-04-01,0.7908,0.0115,0.0266,0.125,0.044,30
r1wjpxg6j,1994-05-01,0.7994,0.0151,0.0246,0.1269,0.0321,31
r1wjpxg6j,1994-06-01,0.8044,0.0175,0.0289,0.1246,0.0229,30
r1wjpxg6j,1994-07-01,0.8114,0.0177,0.0281,0.1228,0.0185,31
r1wjpxg6j,1994-08-01,0.8038,0.0115,0.0216,0.1315,0.03,31
r1wjpxg6j,1994-09-01,0.7987,0.0083,0.0191,0.138,0.0342,30
r1wjpxg6j,1994-10-01,0.8088,0.0125,0.0219,0.1344,0.0209,31
r1wjpxg6j,1994-11-01,0.7666,0.0112,0.0221,0.167,0.031,30
r1wjpxg6j,1994-12-01,0.7136,0.0095,0.0221,0.206,0.0469,31
r1wjpxg6j,1995-01-01,0.592,0.0209,0.0207,0.2995,0.0641,31
r1wjpxg6j,1995-02-01,0.5025,0.0318,0.0215,0.3685,0.0733,28
r1wjpxg6j,1995-03-01,0.53,0.0307,0.0314,0.3466,0.0586,31
r1wjpxg6j,1995-04-01,0.5642,0.0293,0.0417,0.3196,0.0429,30
r1wjpxg6j,1995-05-01,0.5984,0.0279,0.0519,0.2926,0.0273,31
r1wjpxg6j,1995-06-01,0.6601,0.029,0.0689,0.2147,0.0222,30
r1wjpxg6j,1995-07-01,0.7307,0.0428,0.0668,0.1363,0.0168,31
r1wjpxg6j,1995-08-01,0.8052,0.0365,0.0543,0.0643,0.0309,31
r1wjpxg6j,1995-09-01,0.8999,0.0097,0.0369,0.0356,0.0171,30
r1wjpxg6j,1995-10-01,0.9083,0.0075,0.0268,0.0402,0.0162,31
r1wjpxg6j,1995-11-01,0.9108,0.0064,0.0186,0.0468,0.0166,30
r1wjpxg6j,1995-12-01,0.8928,0.0074,0.0164,0.0632,0.0194,31
r1wjpxg6j,1996-01-01,0.8765,0.0077,0.0199,0.0745,0.0208,31
r1wjpxg6j,1996-02-01,0.86,0.0078,0.0207,0.0849,0.025,29
r1wjpxg6j,1996-03-01,0.8555,0.0094,0.021,0.0903,0.0227,31
r1wjpxg6j,1996-04-01,0.8689,0.0147,0.0206,0.0717,0.0222,30
r1wjpxg6j,1996-05-01,0.8738,0.0193,0.0215,0.0648,0.0194,31
r1wjpxg6j,1996-06-01,0.8697,0.0262,0.0231,0.0608,0.0187,30
r1wjpxg6j,1996-07-01,0.8756,0.0226,0.0306,0.0519,0.0178,31
r1wjpxg6j,1996-08-01,0.8822,0.0196,0.0287,0.0509,0.0174,31
r1wjpxg6j,1996-09-01,0.8886,0.0168,0.0251,0.0512,0.0171,30
r1wjpxg6j,1996-10-01,0.895,0.0141,0.0216,0.0515,0.0168,31
r1wjpxg6j,1996-11-01,0.9006,0.0118,0.018,0.0518,0.0165,30
r1wjpxg6j,1996-12-01,0.8587,0.0447,0.0161,0.063,0.0165,31
r1wjpxg6j,1997-01-01,0.8491,0.0394,0.0175,0.0759,0.0189,31
r1wjpxg6j,1997-02-01,0.837,0.0358,0.0203,0.0877,0.0258,28
r1wjpxg6j,1997-03-01,0.7337,0.0638,0.022,0.1361,0.0431,31
r1wjpxg6j,1997-04-01,0.8544,0.0108,0.0186,0.0958,0.0187,30
r1wjpxg6j,1997-05-01,0.8568,0.017,0.0257,0.0844,0.0148,31
r1wjpxg6j,1997-06-01,0.8608,0.0206,0.0307,0.0754,0.0113,30
r1wjpxg6j,1997-07-01,0.8647,0.0175,0.03,0.0733,0.013,31
r1wjpxg6j,1997-08-01,0.8726,0.0174,0.0322,0.0666,0.0098,31
r1wjpxg6j,1997-09-01,0.8644,0.0147,0.0354,0.0727,0.0118,30
r1wjpxg6j,1997-10-01,0.8485,0.0079,0.0266,0.0961,0.0197,31
r1wjpxg6j,1997-11-01,0.84,0.0232,0.0223,0.0912,0.0219,30
r1wjpxg6j,1997-12-01,0.8356,0.0515,0.0205,0.0703,0.0209,31
r1wjpxg6j,1998-01-01,0.8236,0.0691,0.0195,0.0677,0.0201,31
r1wjpxg6j,1998-02-01,0.8466,0.0121,0.0194,0.0922,0.0216,28
r1wjpxg6j,1998-03-01,0.8543,0.0073,0.0161,0.0957,0.0266,31
r1wjpxg6j,1998-04-01,0.8546,0.0079,0.0206,0.0951,0.0206,30
r1wjpxg6j,1998-05-01,0.8535,0.0168,0.0324,0.0842,0.0118,31
r1wjpxg6j,1998-06-01,0.8484,0.0234,0.038,0.0763,0.0127,30
r1wjpxg6j,1998-07-01,0.8489,0.0216,0.038,0.0756,0.0146,31
r1wjpxg6j,1998-08-01,0.8495,0.0175,0.0383,0.0786,0.0148,31
r1wjpxg6j,1998-09-01,0.8425,0.0114,0.0345,0.0875,0.0228,30
r1wjpxg6j,1998-10-01,0.8285,0.0073,0.0321,0.1047,0.0262,31
r1wjpxg6j,1998-11-01,0.828,0.0077,0.0277,0.11,0.0252,30
r1wjpxg6j,1998-12-01,0.7876,0.0037,0.0249,0.1495,0.0328,31
r1wjpxg6j,1999-01-01,0.6836,0.0113,0.026,0.2276,0.0487,31
r1wjpxg6j,1999-02-01,0.5433,0.0377,0.0285,0.3294,0.058,28
r1wjpxg6j,1999-03-01,0.4149,0.0771,0.0328,0.4246,0.048,31
r1wjpxg6j,1999-04-01,0.2821,0.1179,0.0372,0.523,0.0376,30
r1wjpxg6j,1999-05-01,0.1538,0.156,0.0417,0.6182,0.0272,31
r1wjpxg6j,1999-06-01,0.336,0.0831,0.055,0.5019,0.0228,30
r1wjpxg6j,1999-07-01,0.5049,0.0723,0.0805,0.3276,0.0151,31
r1wjpxg6j,1999-08-01,0.4215,0.0455,0.0795,0.4286,0.023,31
r1wjpxg6j,1999-09-01,0.2624,0.0327,0.0682,0.5453,0.0863,30
r1wjpxg6j,1999-10-01,0.1033,0.0199,0.057,0.662,0.1496,31
r1wjpxg6j,1999-11-01,0.0111,0.0183,0.0494,0.7149,0.1968,30
r1wjpxg6j,1999-12-01,0.0041,0.0249,0.0536,0.6916,0.2165,31
r1wjpxg6j,2000-01-01,0.0007,0.0056,0.0741,0.6641,0.239,31
r1wjpxg6j,2000-02-01,0.0015,0.0065,0.055,0.6299,0.2969,29
r1wjpxg6j,2000-03-01,0.0017,0.0147,0.0469,0.6458,0.2814,31
r1wjpxg6j,2000-04-01,0.0011,0.031,0.0591,0.72,0.1805,30
r1wjpxg6j,2000-05-01,0.009,0.1129,0.0706,0.7156,0.0857,31
r1wjpxg6j,2000-06-01,0.0003,0.0811,0.0811,0.7682,0.0644,30
r1wjpxg6j,2000-07-01,0.0004,0.0317,0.0899,0.7854,0.0854,31
r1wjpxg6j,2000-08-01,0.0148,0.0793,0.0863,0.7508,0.0632,31
r1wjpxg6j,2000-09-01,0.0663,0.1353,0.0776,0.6749,0.0388,30
r1wjpxg6j,2000-10-01,0.2649,0.0982,0.065,0.5068,0.0613,31
r1wjpxg6j,2000-11-01,0.4635,0.0548,0.0523,0.3386,0.0869,30
r1wjpxg6j,2000-12-01,0.6612,0.0226,0.0398,0.1736,0.1008,31
r1wjpxg6j,2001-01-01,0.8076,0.0195,0.026,0.102,0.0431,31
r1wjpxg6j,2001-02-01,0.8821,0.0098,0.018,0.0595,0.0287,28
r1wjpxg6j,2001-03-01,0.8701,0.0119,0.021,0.068,0.0277,31
r1wjpxg6j,2001-04-01,0.8577,0.014,0.0245,0.0725,0.0296,30
r1wjpxg6j,2001-05-01,0.8246,0.0228,0.0273,0.0753,0.0484,31
r1wjpxg6j,2001-06-01,0.7115,0.0537,0.0275,0.0888,0.1169,30
r1wjpxg6j,2001-07-01,0.6887,0.0564,0.0269,0.1007,0.1256,31
r1wjpxg6j,2001-08-01,0.707,0.0461,0.0259,0.1121,0.1071,31
r1wjpxg6j,2001-09-01,0.7251,0.0361,0.0249,0.1232,0.0889,30
r1wjpxg6j,2001-10-01,0.7431,0.026,0.024,0.1344,0.0706,31
r1wjpxg6j,2001-11-01,0.7612,0.0159,0.023,0.1455,0.0524,30
r1wjpxg6j,2001-12-01,0.7727,0.0058,0.022,0.1567,0.0378,31
r1wjpxg6j,2002-01-01,0.703,0.006,0.0219,0.2154,0.0475,31
r1wjpxg6j,2002-02-01,0.5753,0.0195,0.0258,0.3408,0.0387,28
r1wjpxg6j,2002-03-01,0.3854,0.0158,0.0363,0.4861,0.0715,31
r1wjpxg6j,2002-04-01,0.1756,0.0075,0.0487,0.6393,0.1212,30
r1wjpxg6j,2002-05-01,0.0007,0.0028,0.057,0.7808,0.1467,31
r1wjpxg6j,2002-06-01,0.0015,0.0111,0.0525,0.8628,0.0672,30
r1wjpxg6j,2002-07-01,0.0017,0.0071,0.0496,0.8175,0.1174,31
r1wjpxg6j,2002-08-01,0.0014,0.0005,0.0367,0.7327,0.2221,31
r1wjpxg6j,2002-09-01,0.0012,0.001,0.0278,0.7325,0.229,30
r1wjpxg6j,2002-10-01,0.0001,0.0011,0.0277,0.707,0.2548,31
r1wjpxg6j,2002-11-01,0.0001,0.0007,0.0267,0.6152,0.347,30
r1wjpxg6j,2002-12-01,0.0001,0.0004,0.0257,0.5351,0.428,31
r1wjpxg6j,2003-01-01,0.0006,0.0029,0.0261,0.5569,0.4034,31
r1wjpxg6j,2003-02-01,0.0016,0.0105,0.0299,0.6968,0.2548,28
r1wjpxg6j,2003-03-01,0.0004,0.0052,0.0305,0.5594,0.3962,31
r1wjpxg6j,2003-04-01,0.0001,0.0067,0.0425,0.7238,0.2189,30
r1wjpxg6j,2003-05-01,0.0011,0.006,0.0518,0.6165,0.3151,31
r1wjpxg6j,2003-06-01,0.0164,0.0211,0.0754,0.5753,0.3024,30
r1wjpxg6j,2003-07-01,0.0439,0.0499,0.1112,0.6238,0.1637,31
r1wjpxg6j,2003-08-01,0.0443,0.0504,0.1313,0.6927,0.0752,31
r1wjpxg6j,2003-09-01,0.0117,0.0163,0.1315,0.781,0.0542,30
r1wjpxg6j,2003-10-01,0.0,0.0001,0.0918,0.6391,0.259,31
r1wjpxg6j,2003-11-01,0.0,0.0002,0.079,0.6153,0.2959,30
r1wjpxg6j,2003-12-01,0.0,0.0003,0.0662,0.5915,0.3328,31
r1wjpxg6j,2004-01-01,0.0,0.0004,0.0565,0.5673,0.3702,31
r1wjpxg6j,2004-02-01,0.0,0.0,0.0656,0.5286,0.3943,29
r1wjpxg6j,2004-03-01,0.0,0.0001,0.0736,0.4235,0.4905,31
r1wjpxg6j,2004-04-01,0.0,0.0,0.0716,0.5036,0.4133,30
r1wjpxg6j,2004-05-01,0.0,0.0,0.073,0.4825,0.4326,31
r1wjpxg6j,2004-06-01,0.0,0.0,0.0749,0.5393,0.3741,30
r1wjpxg6j,2004-07-01,0.0001,0.0,0.1062,0.6433,0.2323,31
r1wjpxg6j,2004-08-01,0.0,0.0,0.0934,0.476,0.4186,31
r1wjpxg6j,2004-09-01,0.0,0.0,0.0926,0.4233,0.4723,30
r1wjpxg6j,2004-10-01,0.0,0.0,0.1078,0.5111,0.3696,31
r1wjpxg6j,2004-11-01,0.0,0.0001,0.1073,0.62,0.2629,30
r1wjpxg6j,2004-12-01,0.0,0.0002,0.1063,0.7039,0.1821,31
r1wjpxg6j,2005-01-01,0.0,0.0001,0.0851,0.6226,0.2811,31
r1wjpxg6j,2005-02-01,0.0,0.0006,0.0875,0.7209,0.1837,28
r1wjpxg6j,2005-03-01,0.0,0.0011,0.0793,0.6233,0.2875,31
r1wjpxg6j,2005-04-01,0.0,0.0012,0.0728,0.5607,0.3559,30
r1wjpxg6j,2005-05-01,0.0,0.0001,0.0861,0.4862,0.4186,31
r1wjpxg6j,2005-06-01,0.0,0.0,0.0898,0.6267,0.2738,30
r1wjpxg6j,2005-07-01,0.0,0.0,0.0894,0.5427,0.358,31
r1wjpxg6j,2005-08-01,0.0,0.0,0.1085,0.592,0.2902,31
r1wjpxg6j,2005-09-01,0.0,0.0,0.1325,0.6046,0.2537,30
r1wjpxg6j,2005-10-01,0.0,0.0,0.176,0.4331,0.384,31
r1wjpxg6j,2005-11-01,0.0,0.0,0.1564,0.4689,0.3651,30
r1wjpxg6j,2005-12-01,0.0,0.0,0.1224,0.5394,0.3278,31
r1wjpxg6j,2006-01-01,0.0,0.0,0.0878,0.611,0.2936,31
r1wjpxg6j,2006-02-01,0.0,0.0,0.0598,0.6086,0.3228,28
r1wjpxg6j,2006-03-01,0.0,0.0,0.0549,0.5022,0.4343,31
r1wjpxg6j,2006-04-01,0.0,0.0,0.0716,0.4619,0.4532,30
r1wjpxg6j,2006-05-01,0.0,0.0,0.0664,0.4534,0.4687,31
r1wjpxg6j,2006-06-01,0.0,0.0,0.0592,0.4543,0.4765,30
r1wjpxg6j,2006-07-01,0.0014,0.0012,0.0742,0.5065,0.4052,31
r1wjpxg6j,2006-08-01,0.0027,0.0025,0.0933,0.5595,0.3303,31
r1wjpxg6j,2006-09-01,0.5442,0.0169,0.062,0.2109,0.1574,30
r1wjpxg6j,2006-10-01,0.83,0.01,0.0291,0.0701,0.0589,31
r1wjpxg6j,2006-11-01,0.8441,0.0096,0.0239,0.0706,0.0502,30
r1wjpxg6j,2006-12-01,0.7752,0.0533,0.0252,0.0976,0.047,31
r1wjpxg6j,2007-01-01,0.7974,0.0077,0.0324,0.1087,0.0516,31
r1wjpxg6j,2007-02-01,0.7194,0.0122,0.0478,0.1648,0.0552,28
r1wjpxg6j,2007-03-01,0.6414,0.0162,0.0519,0.2188,0.0628,31
r1wjpxg6j,2007-04-01,0.5112,0.0415,0.0539,0.3245,0.0651,30
r1wjpxg6j,2007-05-01,0.5578,0.0508,0.0909,0.2564,0.0411,31
r1wjpxg6j,2007-06-01,0.5602,0.0339,0.1158,0.2472,0.0435,30
r1wjpxg6j,2007-07-01,0.5712,0.0507,0.1236,0.2164,0.0394,31
r1wjpxg6j,2007-08-01,0.4599,0.0417,0.1161,0.3257,0.0551,31
r1wjpxg6j,2007-09-01,0.1236,0.0205,0.1102,0.6651,0.0751,30
r1wjpxg6j,2007-10-01,0.0,0.0006,0.1035,0.8159,0.0737,31
r1wjpxg6j,2007-11-01,0.0,0.0009,0.0903,0.8201,0.0822,30
r1wjpxg6j,2007-12-01,0.0,0.0012,0.0771,0.8244,0.0908,31
r1wjpxg6j,2008-01-01,0.0,0.0013,0.0702,0.7964,0.1255,31
r1wjpxg6j,2008-02-01,0.0,0.0003,0.0762,0.6373,0.2775,29
r1wjpxg6j,2008-03-01,0.0,0.0,0.0751,0.6197,0.2953,31
r1wjpxg6j,2008-04-01,0.0,0.0,0.0753,0.5861,0.3289,30
r1wjpxg6j,2008-05-01,0.0,0.0,0.0755,0.5524,0.3625,31
r1wjpxg6j,2008-06-01,0.0,0.0,0.0757,0.5188,0.3961,30
r1wjpxg6j,2008-07-01,0.0,0.0,0.0758,0.4851,0.4298,31
r1wjpxg6j,2008-08-01,0.0,0.0,0.076,0.451,0.4639,31
r1wjpxg6j,2008-09-01,0.0,0.0,0.0762,0.4173,0.4975,30
r1wjpxg6j,2008-10-01,0.0,0.0,0.0823,0.4091,0.4981,31
r1wjpxg6j,2008-11-01,0.0,0.0,0.0732,0.4767,0.4405,30
r1wjpxg6j,2008-12-01,0.0,0.0,0.0748,0.4697,0.4464,31
r1wjpxg6j,2009-01-01,0.0,0.0,0.0781,0.4605,0.4519,31
r1wjpxg6j,2009-02-01,0.0,0.0,0.0763,0.4671,0.4468,28
r1wjpxg6j,2009-03-01,0.0,0.0,0.0745,0.4738,0.4416,31
r1wjpxg6j,2009-04-01,0.0,0.0,0.0772,0.494,0.4197,30
r1wjpxg6j,2009-05-01,0.0,0.0,0.0851,0.5111,0.3942,31
r1wjpxg6j,2009-06-01,0.0,0.0,0.0944,0.4436,0.4517,30
r1wjpxg6j,2009-07-01,0.0,0.0,0.1004,0.4056,0.4833,31
r1wjpxg6j,2009-08-01,0.0,0.0,0.1066,0.367,0.5154,31
r1wjpxg6j,2009-09-01,0.0,0.0,0.1102,0.3467,0.5318,30
r1wjpxg6j,2009-10-01,0.0,0.0,0.1046,0.4169,0.4676,31
r1wjpxg6j,2009-11-01,0.0,0.0,0.1002,0.4871,0.4035,30
r1wjpxg6j,2009-12-01,0.0,0.0,0.1043,0.5167,0.3694,31
r1wjpxg6j,2010-01-01,0.0,0.0,0.1159,0.4603,0.4142,31
r1wjpxg6j,2010-02-01,0.0,0.0,0.127,0.3938,0.4691,28
r1wjpxg6j,2010-03-01,0.0,0.0,0.1336,0.3655,0.487,31
r1wjpxg6j,2010-04-01,0.092,0.0009,0.1251,0.3282,0.4452,30
r1wjpxg6j,2010-05-01,0.2066,0.002,0.1115,0.2877,0.3847,31
r1wjpxg6j,2010-06-01,0.3212,0.0031,0.098,0.2471,0.3242,30
r1wjpxg6j,2010-07-01,0.4358,0.0042,0.0844,0.2065,0.2637,31
r1wjpxg6j,2010-08-01,0.5523,0.0053,0.0706,0.1653,0.2022,31
r1wjpxg6j,2010-09-01,0.6669,0.0065,0.057,0.1247,0.1417,30
r1wjpxg6j,2010-10-01,0.7815,0.0076,0.0435,0.0841,0.0812,31
r1wjpxg6j,2010-11-01,0.8961,0.0086,0.0299,0.0436,0.0207,30
r1wjpxg6j,2010-12-01,0.9319,0.0083,0.0195,0.0284,0.0111,31
r1wjpxg6j,2011-01-01,0.9565,0.0072,0.0142,0.0159,0.0059,31
r1wjpxg6j,2011-02-01,0.9597,0.0065,0.014,0.0139,0.0056,28
r1wjpxg6j,2011-03-01,0.9615,0.0061,0.0135,0.013,0.0055,31
r1wjpxg6j,2011-04-01,0.9635,0.0057,0.0129,0.0122,0.0053,30
r1wjpxg6j,2011-05-01,0.9654,0.0052,0.0124,0.0113,0.0052,31
r1wjpxg6j,2011-06-01,0.9673,0.0048,0.0119,0.0105,0.0051,30
r1wjpxg6j,2011-07-01,0.9693,0.0044,0.0114,0.0096,0.005,31
r1wjpxg6j,2011-08-01,0.9712,0.0039,0.0109,0.0087,0.0049,31
r1wjpxg6j,2011-09-01,0.9362,0.0159,0.0121,0.0194,0.016,30
r1wjpxg6j,2011-10-01,0.9425,0.0148,0.0116,0.0179,0.0132,31
r1wjpxg6j,2011-11-01,0.9344,0.0046,0.0113,0.0359,0.0131,30
r1wjpxg6j,2011-12-01,0.8796,0.0046,0.0145,0.0803,0.0198,31
r1wjpxg6j,2012-01-01,0.8239,0.0046,0.0177,0.1255,0.0265,31
r1wjpxg6j,2012-02-01,0.77,0.0046,0.0209,0.1692,0.033,29
r1wjpxg6j,2012-03-01,0.7161,0.0046,0.024,0.2129,0.0396,31
r1wjpxg6j,2012-04-01,0.6613,0.0045,0.0272,0.2573,0.0462,30
r1wjpxg6j,2012-05-01,0.6065,0.0045,0.0304,0.3017,0.0528,31
r1wjpxg6j,2012-06-01,0.5517,0.0045,0.0336,0.3461,0.0595,30
r1wjpxg6j,2012-07-01,0.4969,0.0045,0.0368,0.3905,0.0661,31
r1wjpxg6j,2012-08-01,0.4413,0.0045,0.0401,0.4357,0.0728,31
r1wjpxg6j,2012-09-01,0.3865,0.0045,0.0433,0.4801,0.0795,30
r1wjpxg6j,2012-10-01,0.3317,0.0045,0.0465,0.5245,0.0861,31
r1wjpxg6j,2012-11-01,0.2769,0.0045,0.0497,0.5689,0.0927,30
r1wjpxg6j,2012-12-01,0.2221,0.0045,0.0529,0.6134,0.0994,31
r1wjpxg6j,2013-01-01,0.1664,0.0045,0.0562,0.6585,0.1061,31
r1wjpxg6j,2013-02-01,0.1134,0.0045,0.0593,0.7015,0.1125,28
r1wjpxg6j,2013-03-01,0.0604,0.0045,0.0624,0.7444,0.1189,31
r1wjpxg6j,2013-04-01,0.0098,0.0046,0.0656,0.7885,0.1227,30
r1wjpxg6j,2013-05-01,0.0141,0.0098,0.0678,0.8022,0.0841,31
r1wjpxg6j,2013-06-01,0.3448,0.0922,0.0921,0.4127,0.0536,30
r1wjpxg6j,2013-07-01,0.3078,0.0822,0.1063,0.4439,0.0551,31
r1wjpxg6j,2013-08-01,0.2871,0.0619,0.1165,0.4746,0.0552,31
r1wjpxg6j,2013-09-01,0.2667,0.042,0.1245,0.5048,0.0553,30
r1wjpxg6j,2013-10-01,0.013,0.0069,0.0994,0.7052,0.1496,31
r1wjpxg6j,2013-11-01,0.0065,0.008,0.0816,0.6746,0.2165,30
r1wjpxg6j,2013-12-01,0.0164,0.0116,0.0789,0.6328,0.2475,31
r1wjpxg6j,2014-01-01,0.0016,0.0073,0.0904,0.6038,0.2819,31
r1wjpxg6j,2014-02-01,0.0103,0.0109,0.1125,0.6068,0.2473,28
r1wjpxg6j,2014-03-01,0.0275,0.0218,0.1461,0.5938,0.2,31
r1wjpxg6j,2014-04-01,0.0454,0.0331,0.1809,0.5804,0.1512,30
r1wjpxg6j,2014-05-01,0.0904,0.0462,0.2455,0.5039,0.1044,31
r1wjpxg6j,2014-06-01,0.1953,0.062,0.2391,0.3905,0.1045,30
r1wjpxg6j,2014-07-01,0.2701,0.0624,0.2216,0.333,0.1062,31
r1wjpxg6j,2014-08-01,0.2255,0.0477,0.1722,0.424,0.1163,31
r1wjpxg6j,2014-09-01,0.097,0.1466,0.1489,0.4888,0.0962,30
r1wjpxg6j,2014-10-01,0.0262,0.0267,0.1331,0.5025,0.2978,31
r1wjpxg6j,2014-11-01,0.0082,0.0315,0.1084,0.4954,0.3366,30
r1wjpxg6j,2014-12-01,0.006,0.0264,0.1014,0.5256,0.3275,31
r1wjpxg6j,2015-01-01,0.0019,0.0086,0.098,0.5377,0.3405,31
r1wjpxg6j,2015-02-01,0.0,0.0,0.1323,0.7006,0.1601,28
r1wjpxg6j,2015-03-01,0.0,0.0,0.1266,0.4702,0.39,31
r1wjpxg6j,2015-04-01,0.0,0.0,0.1289,0.4533,0.4045,30
r1wjpxg6j,2015-05-01,0.0,0.0064,0.1336,0.4874,0.3591,31
r1wjpxg6j,2015-06-01,0.0,0.0054,0.1463,0.5417,0.2914,30
r1wjpxg6j,2015-07-01,0.0,0.0273,0.1644,0.533,0.265,31
r1wjpxg6j,2015-08-01,0.0,0.0232,0.165,0.4872,0.3123,31
r1wjpxg6j,2015-09-01,0.0,0.0067,0.1573,0.4259,0.3972,30
r1wjpxg6j,2015-10-01,0.0,0.0,0.1445,0.4475,0.3954,31
r1wjpxg6j,2015-11-01,0.0,0.0,0.1226,0.4792,0.3862,30
r1wjpxg6j,2015-12-01,0.0,0.0,0.0946,0.5394,0.3578,31
r1wjpxg6j,2016-01-01,0.0,0.0,0.0897,0.5383,0.36,31
r1wjpxg6j,2016-02-01,0.0,0.0,0.0875,0.5378,0.3624,29
r1wjpxg6j,2016-03-01,0.0,0.0,0.097,0.5316,0.3578,31
r1wjpxg6j,2016-04-01,0.0,0.0,0.1115,0.4873,0.3888,30
r1wjpxg6j,2016-05-01,0.0022,0.0039,0.1394,0.4591,0.3828,31
r1wjpxg6j,2016-06-01,0.0051,0.009,0.172,0.4438,0.3572,30
r1wjpxg6j,2016-07-01,0.008,0.0141,0.2046,0.4285,0.3317,31
r1wjpxg6j,2016-08-01,0.0347,0.0189,0.2238,0.4045,0.2999,31
r1wjpxg6j,2016-09-01,0.2797,0.0194,0.1715,0.3037,0.2159,30
r1wjpxg6j,2016-10-01,0.5247,0.02,0.1141,0.203,0.1318,31
r1wjpxg6j,2016-11-01,0.7697,0.0206,0.0567,0.1022,0.0478,30
r1wjpxg6j,2016-12-01,0.7972,0.0242,0.0419,0.0889,0.0446,31
r1wjpxg6j,2017-01-01,0.7689,0.0241,0.0462,0.1139,0.0442,31
r1wjpxg6j,2017-02-01,0.7318,0.0236,0.0532,0.145,0.0435,28
r1wjpxg6j,2017-03-01,0.7124,0.0232,0.0536,0.1681,0.0396,31
r1wjpxg6j,2017-04-01,0.8361,0.0232,0.0389,0.0764,0.0236,30
r1wjpxg6j,2017-05-01,0.9067,0.0186,0.0302,0.0302,0.0132,31
r1wjpxg6j,2017-06-01,0.9422,0.0139,0.0251,0.0104,0.0065,30
r1wjpxg6j,2017-07-01,0.9371,0.0172,0.0252,0.0117,0.007,31
r1wjpxg6j,2017-08-01,0.944,0.0142,0.0238,0.0115,0.0064,31
r1wjpxg6j,2017-09-01,0.9429,0.0089,0.0244,0.0157,0.0069,30
r1wjpxg6j,2017-10-01,0.9296,0.0137,0.0191,0.0274,0.0076,31
r1wjpxg6j,2017-11-01,0.9186,0.0069,0.0167,0.0441,0.0132,30
r1wjpxg6j,2017-12-01,0.9104,0.0062,0.0242,0.0447,0.0138,31
r1wjpxg6j,2018-01-01,0.8923,0.0064,0.0287,0.0585,0.0132,31
r1wjpxg6j,2018-02-01,0.8703,0.0071,0.032,0.0717,0.0173,28
r1wjpxg6j,2018-03-01,0.8483,0.0071,0.0354,0.0832,0.0239,31
r1wjpxg6j,2018-04-01,0.8283,0.0078,0.0454,0.0887,0.0275,30
r1wjpxg6j,2018-05-01,0.8203,0.0138,0.0517,0.0861,0.0256,31
r1wjpxg6j,2018-06-01,0.8235,0.0213,0.0574,0.0727,0.0227,30
r1wjpxg6j,2018-07-01,0.8182,0.0169,0.0611,0.0715,0.0296,31
r1wjpxg6j,2018-08-01,0.8047,0.0121,0.0602,0.0896,0.0308,31
r1wjpxg6j,2018-09-01,0.7869,0.0096,0.0581,0.1106,0.0316,30
r1wjpxg6j,2018-10-01,0.8261,0.0099,0.0426,0.0836,0.0355,31
r1wjpxg6j,2018-11-01,0.875,0.0086,0.0294,0.0504,0.0349,30
r1wjpxg6j,2018-12-01,0.8982,0.0066,0.0217,0.043,0.03,31
r1wjpxg6j,2019-01-01,0.8895,0.0058,0.0221,0.0576,0.0237,31
r1wjpxg6j,2019-02-01,0.8648,0.0062,0.0279,0.0736,0.0255,28
r1wjpxg6j,2019-03-01,0.8408,0.0053,0.0304,0.0905,0.0309,31
r1wjpxg6j,2019-04-01,0.8175,0.0051,0.0352,0.1024,0.0333,30
r1wjpxg6j,2019-05-01,0.8181,0.0106,0.05,0.0891,0.0299,31
r1wjpxg6j,2019-06-01,0.8194,0.0162,0.064,0.0715,0.0254,30
r1wjpxg6j,2019-07-01,0.8293,0.015,0.0592,0.0695,0.0247,31
r1wjpxg6j,2019-08-01,0.8405,0.0126,0.0506,0.0696,0.0246,31
r1wjpxg6j,2019-09-01,0.8515,0.0103,0.0422,0.0696,0.0244,30
r1wjpxg6j,2019-10-01,0.8625,0.008,0.0338,0.0696,0.0242,31
r1wjpxg6j,2019-11-01,0.8813,0.0065,0.0249,0.0618,0.0241,30
r1wjpxg6j,2019-12-01,0.8949,0.0054,0.0167,0.0562,0.0228,31
r1wjpxg6j,2020-01-01,0.8767,0.0048,0.0172,0.0771,0.0184,31
r1wjpxg6j,2020-02-01,0.856,0.0062,0.0293,0.0813,0.0277,29
r1wjpxg6j,2020-03-01,0.8364,0.0053,0.0382,0.0828,0.0339,31
r1wjpxg6j,2020-04-01,0.8324,0.0086,0.05,0.0746,0.0321,30
r1wjpxg6j,2020-05-01,0.829,0.0127,0.0619,0.0652,0.0289,31
r1wjpxg6j,2020-06-01,0.8247,0.0136,0.0718,0.0609,0.0265,30
r1wjpxg6j,2020-07-01,0.8185,0.01,0.0747,0.0679,0.0262,31
r1wjpxg6j,2020-08-01,0.8114,0.0093,0.0702,0.0785,0.028,31
r1wjpxg6j,2020-09-01,0.8044,0.0087,0.0657,0.089,0.0297,30
r1wjpxg6j,2020-10-01,0.7901,0.0084,0.0609,0.1052,0.0328,31
r1wjpxg6j,2020-11-01,0.7385,0.0098,0.0543,0.151,0.0432,30
r1wjpxg6j,2020-12-01,0.6821,0.0121,0.0507,0.197,0.0555,31
r1wjpxg6j,2021-01-01,0.306,0.0178,0.0997,0.4016,0.1667,31
r1wjpxg6j,2021-02-01,0.0156,0.0096,0.118,0.5958,0.2489,28
r1wjpxg6j,2021-03-01,0.037,0.0133,0.0971,0.6014,0.2394,31
r1wjpxg6j,2021-04-01,0.1711,0.0306,0.111,0.4853,0.1908,30
r1wjpxg6j,2021-05-01,0.3866,0.0378,0.0917,0.2953,0.1793,31
r1wjpxg6j,2021-06-01,0.5124,0.0509,0.096,0.2331,0.0986,30
r1wjpxg6j,2021-07-01,0.4181,0.0485,0.1271,0.2957,0.1045,31
r1wjpxg6j,2021-08-01,0.4055,0.0424,0.1353,0.2981,0.1111,31
r1wjpxg6j,2021-09-01,0.3916,0.0369,0.1293,0.3158,0.1202,30
r1wjpxg6j,2021-10-01,0.3776,0.0313,0.1221,0.3334,0.1292,31
r1wjpxg6j,2021-11-01,0.1798,0.0139,0.1056,0.5426,0.1488,30
r1wjpxg6j,2021-12-01,0.0,0.0,0.0931,0.6733,0.2211,31
r1wjpxg6j,2022-01-01,0.0,0.0,0.1034,0.5637,0.3193,31
r1wjpxg6j,2022-02-01,0.0,0.0,0.108,0.5041,0.3688,28
r1wjpxg6j,2022-03-01,0.107,0.0166,0.139,0.4863,0.239,31
r1wjpxg6j,2022-04-01,0.0177,0.0198,0.1874,0.584,0.1809,30
r1wjpxg6j,2022-05-01,0.0128,0.0164,0.2058,0.5983,0.1563,31
r1wjpxg6j,2022-06-01,0.0067,0.0087,0.2178,0.5993,0.156,30
r1wjpxg6j,2022-07-01,0.0021,0.0027,0.2324,0.5943,0.1573,31
r1wjpxg6j,2022-08-01,0.238,0.0085,0.2022,0.418,0.1237,31
r1wjpxg6j,2022-09-01,0.6371,0.0179,0.1225,0.1625,0.0553,30
r1wjpxg6j,2022-10-01,0.8566,0.021,0.0746,0.0275,0.0181,31
r1wjpxg6j,2022-11-01,0.9444,0.0201,0.0167,0.0134,0.0059,30
r1wjpxg6j,2022-12-01,0.9525,0.0115,0.0135,0.0165,0.0054,31
r1wjpxg6j,2023-01-01,0.9445,0.0101,0.0157,0.0229,0.006,31
r1wjpxg6j,2023-02-01,0.9319,0.0086,0.0176,0.034,0.0072,28
r1wjpxg6j,2023-03-01,0.9195,0.0086,0.0221,0.0405,0.0077,31
r1wjpxg6j,2023-04-01,0.9175,0.0108,0.0278,0.0342,0.0088,30
r1wjpxg6j,2023-05-01,0.9164,0.0128,0.0329,0.0273,0.0097,31
r1wjpxg6j,2023-06-01,0.92,0.0133,0.0332,0.023,0.0095,30
r1wjpxg6j,2023-07-01,0.9239,0.0136,0.0333,0.0187,0.0092,31
r1wjpxg6j,2023-08-01,0.937,0.0123,0.0277,0.0143,0.0079,31
r1wjpxg6j,2023-09-01,0.945,0.0112,0.0217,0.0143,0.0072,30
r1wjpxg6j,2023-10-01,0.9463,0.0105,0.0153,0.0198,0.007,31
r1wjpxg6j,2023-11-01,0.9372,0.0079,0.0159,0.031,0.0075,30
r1wjpxg6j,2023-12-01,0.9241,0.0087,0.0192,0.0367,0.0104,23
r1wjqrqbm,1986-08-01,0.0026,0.0002,0.3512,0.4894,0.1442,6
r1wjqrqbm,1986-09-01,0.0211,0.0017,0.3483,0.4777,0.139,30
r1wjqrqbm,1986-10-01,0.0526,0.0043,0.3435,0.4578,0.1301,31
r1wjqrqbm,1986-11-01,0.0841,0.0069,0.3386,0.4379,0.1212,30
r1wjqrqbm,1986-12-01,0.1155,0.0095,0.3338,0.418,0.1124,31
r1wjqrqbm,1987-01-01,0.1475,0.0121,0.3289,0.3978,0.1033,31
r1wjqrqbm,1987-02-01,0.1779,0.0147,0.3242,0.3786,0.0948,28
r1wjqrqbm,1987-03-01,0.2083,0.0172,0.3195,0.3594,0.0862,31
r1wjqrqbm,1987-04-01,0.2398,0.0198,0.3146,0.3395,0.0773,30
r1wjqrqbm,1987-05-01,0.2712,0.0223,0.3098,0.3196,0.0684,31
r1wjqrqbm,1987-06-01,0.3027,0.0249,0.305,0.2998,0.0596,30
r1wjqrqbm,1987-07-01,0.3403,0.0307,0.2922,0.2774,0.0518,31
r1wjqrqbm,1987-08-01,0.4197,0.0581,0.2263,0.238,0.0515,31
r1wjqrqbm,1987-09-01,0.4979,0.085,0.1613,0.1993,0.0513,30
r1wjqrqbm,1987-10-01,0.5334,0.0767,0.1321,0.2,0.053,31
r1wjqrqbm,1987-11-01,0.5301,0.0523,0.1351,0.2364,0.0565,30
r1wjqrqbm,1987-12-01,0.4133,0.0575,0.1618,0.2787,0.0802,31
r1wjqrqbm,1988-01-01,0.4376,0.0115,0.1975,0.2585,0.0972,31
r1wjqrqbm,1988-02-01,0.3565,0.0163,0.2276,0.302,0.094,29
r1wjqrqbm,1988-03-01,0.2272,0.029,0.2534,0.3719,0.1081,31
r1wjqrqbm,1988-04-01,0.1784,0.0436,0.283,0.4173,0.0667,30
r1wjqrqbm,1988-05-01,0.2913,0.0956,0.2419,0.3121,0.052,31
r1wjqrqbm,1988-06-01,0.4053,0.1476,0.1984,0.2059,0.0374,30
r1wjqrqbm,1988-07-01,0.5213,0.1791,0.1548,0.1059,0.0247,31
r1wjqrqbm,1988-08-01,0.6329,0.1017,0.1189,0.0994,0.0273,31
r1wjqrqbm,1988-09-01,0.6015,0.0878,0.1334,0.1299,0.0433,30
r1wjqrqbm,1988-10-01,0.5858,0.0713,0.1526,0.1449,0.0408,31
r1wjqrqbm,1988-11-01,0.5702,0.0547,0.1718,0.16,0.0383,30
r1wjqrqbm,1988-12-01,0.5355,0.0386,0.1973,0.1826,0.0402,31
r1wjqrqbm,1989-01-01,0.4661,0.0233,0.2346,0.2193,0.0498,31
r1wjqrqbm,1989-02-01,0.4015,0.0126,0.2543,0.2542,0.0692,28
r1wjqrqbm,1989-03-01,0.3359,0.0181,0.2864,0.2785,0.0719,31
r1wjqrqbm,1989-04-01,0.3466,0.0594,0.2823,0.2472,0.0563,30
r1wjqrqbm,1989-05-01,0.4019,0.1173,0.2535,0.1856,0.035,31
r1wjqrqbm,1989-06-01,0.5204,0.2396,0.1366,0.0852,0.0148,30
r1wjqrqbm,1989-07-01,0.5599,0.3323,0.0767,0.0347,0.0078,31
r1wjqrqbm,1989-08-01,0.6222,0.2147,0.0961,0.0489,0.0157,31
r1wjqrqbm,1989-09-01,0.6967,0.0939,0.1172,0.0606,0.024,30
r1wjqrqbm,1989-10-01,0.6245,0.0979,0.1413,0.1006,0.032,31
r1wjqrqbm,1989-11-01,0.5458,0.0502,0.1755,0.1827,0.0405,30
r1wjqrqbm,1989-12-01,0.4737,0.0269,0.1846,0.2573,0.0512,31
r1wjqrqbm,1990-01-01,0.3746,0.0357,0.2106,0.3121,0.0597,31
r1wjqrqbm,1990-02-01,0.2654,0.0317,0.2648,0.3644,0.0649,28
r1wjqrqbm,1990-03-01,0.1562,0.0278,0.3189,0.4167,0.0701,31
r1wjqrqbm,1990-04-01,0.0817,0.008,0.3972,0.4279,0.0729,30
r1wjqrqbm,1990-05-01,0.0617,0.0095,0.4504,0.4072,0.0615,31
r1wjqrqbm,1990-06-01,0.0629,0.0132,0.4654,0.3745,0.0715,30
r1wjqrqbm,1990-07-01,0.0644,0.0124,0.4401,0.3991,0.0717,31
r1wjqrqbm,1990-08-01,0.0657,0.011,0.4034,0.4374,0.0711,31
r1wjqrqbm,1990-09-01,0.0615,0.0107,0.3532,0.479,0.0839,30
r1wjqrqbm,1990-10-01,0.1752,0.0293,0.277,0.4301,0.0805,31
r1wjqrqbm,1990-11-01,0.1326,0.0163,0.2515,0.4835,0.1059,30
r1wjqrqbm,1990-12-01,0.0352,0.0043,0.2528,0.5716,0.1247,31
r1wjqrqbm,1991-01-01,0.0,0.0,0.3189,0.5382,0.1314,31
r1wjqrqbm,1991-02-01,0.0,0.0,0.3313,0.5121,0.1445,28
r1wjqrqbm,1991-03-01,0.0,0.0,0.3359,0.5107,0.141,31
r1wjqrqbm,1991-04-01,0.0,0.0,0.3257,0.5203,0.1415,30
r1wjqrqbm,1991-05-01,0.0,0.0,0.3207,0.5111,0.1553,31
r1wjqrqbm,1991-06-01,0.0001,0.0,0.3376,0.4996,0.1502,30
r1wjqrqbm,1991-07-01,0.0001,0.0001,0.3407,0.4977,0.1491,31
r1wjqrqbm,1991-08-01,0.0421,0.0109,0.3294,0.4697,0.1365,31
r1wjqrqbm,1991-09-01,0.0955,0.0245,0.3151,0.4338,0.1206,30
r1wjqrqbm,1991-10-01,0.4646,0.0576,0.1501,0.2619,0.0749,31
r1wjqrqbm,1991-11-01,0.4432,0.0452,0.1413,0.2886,0.0756,30
r1wjqrqbm,1991-12-01,0.4019,0.0304,0.1649,0.3204,0.0756,31
r1wjqrqbm,1992-01-01,0.3599,0.0153,0.1888,0.3528,0.0755,31
r1wjqrqbm,1992-02-01,0.2441,0.0293,0.2121,0.435,0.0712,29
r1wjqrqbm,1992-03-01,0.1195,0.0211,0.2342,0.5319,0.0839,31
r1wjqrqbm,1992-04-01,0.0349,0.0132,0.3038,0.5606,0.0807,30
r1wjqrqbm,1992-05-01,0.0605,0.0259,0.3425,0.4802,0.0799,31
r1wjqrqbm,1992-06-01,0.0579,0.0209,0.3829,0.4499,0.0775,30
r1wjqrqbm,1992-07-01,0.0457,0.0141,0.3959,0.4479,0.0859,31
r1wjqrqbm,1992-08-01,0.051,0.0189,0.3853,0.4353,0.0983,31
r1wjqrqbm,1992-09-01,0.1365,0.0459,0.3511,0.3571,0.0993,30
r1wjqrqbm,1992-10-01,0.3776,0.1653,0.1764,0.1844,0.0913,31
r1wjqrqbm,1992-11-01,0.4671,0.2235,0.1124,0.138,0.0619,30
r1wjqrqbm,1992-12-01,0.5478,0.0814,0.1657,0.1551,0.0451,31
r1wjqrqbm,1993-01-01,0.514,0.1065,0.1997,0.1321,0.0302,31
r1wjqrqbm,1993-02-01,0.4967,0.0594,0.2248,0.1751,0.0379,28
r1wjqrqbm,1993-03-01,0.4573,0.0584,0.236,0.1962,0.0446,31
r1wjqrqbm,1993-04-01,0.4217,0.0631,0.2328,0.2034,0.0733,30
r1wjqrqbm,1993-05-01,0.4192,0.0754,0.2351,0.204,0.0611,31
r1wjqrqbm,1993-06-01,0.3871,0.0793,0.2315,0.2206,0.0743,30
r1wjqrqbm,1993-07-01,0.4302,0.0848,0.2067,0.2019,0.0695,31
r1wjqrqbm,1993-08-01,0.5151,0.0908,0.17,0.1637,0.0548,31
r1wjqrqbm,1993-09-01,0.5987,0.0968,0.1339,0.1261,0.0403,30
r1wjqrqbm,1993-10-01,0.6591,0.1,0.1085,0.1021,0.03,31
r1wjqrqbm,1993-11-01,0.5814,0.0371,0.1513,0.1813,0.0439,30
r1wjqrqbm,1993-12-01,0.4827,0.0343,0.1728,0.2206,0.0793,31
r1wjqrqbm,1994-01-01,0.4383,0.0222,0.2087,0.2588,0.0652,31
r1wjqrqbm,1994-02-01,0.4097,0.012,0.2373,0.2833,0.0513,28
r1wjqrqbm,1994-03-01,0.3678,0.0159,0.2521,0.295,0.0615,31
r1wjqrqbm,1994-04-01,0.2985,0.0237,0.2649,0.3182,0.0842,30
r1wjqrqbm,1994-05-01,0.2321,0.0231,0.2829,0.3622,0.0915,31
r1wjqrqbm,1994-06-01,0.203,0.0276,0.2951,0.3584,0.1064,30
r1wjqrqbm,1994-07-01,0.1728,0.0305,0.2911,0.3854,0.1107,31
r1wjqrqbm,1994-08-01,0.1249,0.0174,0.2464,0.4925,0.1092,31
r1wjqrqbm,1994-09-01,0.0645,0.0027,0.223,0.6097,0.0908,30
r1wjqrqbm,1994-10-01,0.0058,0.0002,0.2504,0.6743,0.0567,31
r1wjqrqbm,1994-11-01,0.0,0.0,0.264,0.6281,0.0972,30
r1wjqrqbm,1994-12-01,0.0,0.0,0.2735,0.556,0.156,31
r1wjqrqbm,1995-01-01,0.0,0.0,0.2494,0.5312,0.204,31
r1wjqrqbm,1995-02-01,0.0,0.0,0.2463,0.5668,0.1746,28
r1wjqrqbm,1995-03-01,0.0,0.0,0.245,0.5705,0.172,31
r1wjqrqbm,1995-04-01,0.0,0.0,0.2521,0.5766,0.1572,30
r1wjqrqbm,1995-05-01,0.0,0.0,0.2835,0.5604,0.1448,31
r1wjqrqbm,1995-06-01,0.0,0.0,0.3145,0.5316,0.1427,30
r1wjqrqbm,1995-07-01,0.0,0.0,0.3264,0.495,0.1536,31
r1wjqrqbm,1995-08-01,0.4402,0.1486,0.1472,0.1329,0.118,31
r1wjqrqbm,1995-09-01,0.5122,0.059,0.1567,0.1894,0.0749,30
r1wjqrqbm,1995-10-01,0.4933,0.031,0.1826,0.2341,0.053,31
r1wjqrqbm,1995-11-01,0.465,0.0133,0.2039,0.2647,0.0469,30
r1wjqrqbm,1995-12-01,0.4179,0.0186,0.2135,0.2615,0.0804,31
r1wjqrqbm,1996-01-01,0.3398,0.0419,0.2711,0.2703,0.0729,31
r1wjqrqbm,1996-02-01,0.2021,0.0477,0.3235,0.3301,0.0861,29
r1wjqrqbm,1996-03-01,0.0625,0.0091,0.3802,0.4474,0.0884,31
r1wjqrqbm,1996-04-01,0.0,0.0016,0.4395,0.4549,0.0902,30
r1wjqrqbm,1996-05-01,0.0,0.0033,0.4357,0.4468,0.1006,31
r1wjqrqbm,1996-06-01,0.0,0.0035,0.4517,0.4337,0.0974,30
r1wjqrqbm,1996-07-01,0.0,0.0037,0.4632,0.4206,0.0943,31
r1wjqrqbm,1996-08-01,0.1068,0.008,0.41,0.3769,0.0862,31
r1wjqrqbm,1996-09-01,0.2274,0.0128,0.3423,0.3295,0.0776,30
r1wjqrqbm,1996-10-01,0.348,0.0176,0.2747,0.2821,0.069,31
r1wjqrqbm,1996-11-01,0.4686,0.0221,0.2071,0.2347,0.0604,30
r1wjqrqbm,1996-12-01,0.4704,0.0141,0.1942,0.2483,0.0662,31
r1wjqrqbm,1997-01-01,0.4083,0.0085,0.219,0.2854,0.0716,31
r1wjqrqbm,1997-02-01,0.3152,0.0216,0.2591,0.3267,0.0649,28
r1wjqrqbm,1997-03-01,0.1486,0.0214,0.3191,0.425,0.0756,31
r1wjqrqbm,1997-04-01,0.0254,0.0049,0.3697,0.4703,0.1116,30
r1wjqrqbm,1997-05-01,0.0082,0.0073,0.4372,0.4442,0.0898,31
r1wjqrqbm,1997-06-01,0.0,0.0095,0.4703,0.4317,0.0751,30
r1wjqrqbm,1997-07-01,0.0,0.0097,0.435,0.4467,0.0933,31
r1wjqrqbm,1997-08-01,0.0,0.0073,0.4301,0.4663,0.0844,31
r1wjqrqbm,1997-09-01,0.0,0.0,0.4151,0.4785,0.0934,30
r1wjqrqbm,1997-10-01,0.0,0.0,0.383,0.4892,0.1143,31
r1wjqrqbm,1997-11-01,0.0,0.0,0.3346,0.5163,0.1339,30
r1wjqrqbm,1997-12-01,0.0,0.0,0.2893,0.5711,0.1271,31
r1wjqrqbm,1998-01-01,0.0,0.0,0.2946,0.5771,0.1163,31
r1wjqrqbm,1998-02-01,0.0,0.0,0.2876,0.5781,0.1228,28
r1wjqrqbm,1998-03-01,0.0,0.0,0.2426,0.6099,0.1316,31
r1wjqrqbm,1998-04-01,0.0,0.0,0.2616,0.5883,0.1381,30
r1wjqrqbm,1998-05-01,0.0,0.0,0.2838,0.5598,0.1447,31
r1wjqrqbm,1998-06-01,0.0,0.0,0.2851,0.5369,0.1678,30
r1wjqrqbm,1998-07-01,0.0,0.0,0.254,0.542,0.1938,31
r1wjqrqbm,1998-08-01,0.0,0.0,0.2243,0.5711,0.1929,31
r1wjqrqbm,1998-09-01,0.0,0.0,0.199,0.5919,0.1959,30
r1wjqrqbm,1998-10-01,0.0,0.0,0.2204,0.5943,0.1728,31
r1wjqrqbm,1998-11-01,0.0,0.0,0.2196,0.5898,0.179,30
r1wjqrqbm,1998-12-01,0.0,0.0,0.2718,0.5441,0.1656,31
r1wjqrqbm,1999-01-01,0.0,0.0,0.2807,0.5493,0.1577,31
r1wjqrqbm,1999-02-01,0.0,0.0,0.2503,0.5598,0.1776,28
r1wjqrqbm,1999-03-01,0.0,0.0,0.2494,0.5745,0.1632,31
r1wjqrqbm,1999-04-01,0.0,0.0,0.2445,0.587,0.1557,30
r1wjqrqbm,1999-05-01,0.0,0.0,0.2706,0.5717,0.1469,31
r1wjqrqbm,1999-06-01,0.0,0.0,0.2796,0.5533,0.1562,30
r1wjqrqbm,1999-07-01,0.0,0.0,0.3085,0.5396,0.1406,31
r1wjqrqbm,1999-08-01,0.0,0.0,0.3036,0.5375,0.1499,31
r1wjqrqbm,1999-09-01,0.0,0.0,0.3458,0.4453,0.1964,30
r1wjqrqbm,1999-10-01,0.0,0.0,0.3102,0.5103,0.1672,31
r1wjqrqbm,1999-11-01,0.0,0.0,0.2779,0.5646,0.1448,30
r1wjqrqbm,1999-12-01,0.0,0.0,0.26,0.5929,0.1351,31
r1wjqrqbm,2000-01-01,0.0,0.0,0.2433,0.5926,0.1523,31
r1wjqrqbm,2000-02-01,0.0,0.0,0.2181,0.6176,0.1524,29
r1wjqrqbm,2000-03-01,0.0,0.0,0.1889,0.63,0.1689,31
r1wjqrqbm,2000-04-01,0.0,0.0,0.2196,0.6091,0.1599,30
r1wjqrqbm,2000-05-01,0.0,0.0,0.3015,0.5626,0.1256,31
r1wjqrqbm,2000-06-01,0.0,0.0,0.3518,0.5204,0.1166,30
r1wjqrqbm,2000-07-01,0.0,0.0,0.4022,0.4957,0.0919,31
r1wjqrqbm,2000-08-01,0.0,0.0,0.407,0.5032,0.0791,31
r1wjqrqbm,2000-09-01,0.0,0.0,0.3899,0.5237,0.0751,30
r1wjqrqbm,2000-10-01,0.0,0.0,0.3452,0.5523,0.0908,31
r1wjqrqbm,2000-11-01,0.0,0.0,0.3005,0.5809,0.1064,30
r1wjqrqbm,2000-12-01,0.0,0.0,0.2606,0.5819,0.1461,31
r1wjqrqbm,2001-01-01,0.0,0.0,0.2485,0.6065,0.133,31
r1wjqrqbm,2001-02-01,0.0,0.0,0.2522,0.6012,0.1313,28
r1wjqrqbm,2001-03-01,0.0,0.0,0.2374,0.6041,0.1458,31
r1wjqrqbm,2001-04-01,0.0,0.0,0.2422,0.5937,0.1517,30
r1wjqrqbm,2001-05-01,0.0,0.0,0.2581,0.573,0.1558,31
r1wjqrqbm,2001-06-01,0.0,0.0,0.2464,0.5747,0.1667,30
r1wjqrqbm,2001-07-01,0.0,0.0,0.2335,0.5769,0.1776,31
r1wjqrqbm,2001-08-01,0.0,0.0,0.2204,0.5791,0.1888,31
r1wjqrqbm,2001-09-01,0.0,0.0,0.2075,0.5812,0.1997,30
r1wjqrqbm,2001-10-01,0.0,0.0,0.1945,0.5834,0.2106,31
r1wjqrqbm,2001-11-01,0.0,0.0,0.1816,0.5855,0.2174,30
r1wjqrqbm,2001-12-01,0.0,0.0,0.1733,0.6361,0.1783,31
r1wjqrqbm,2002-01-01,0.0,0.0,0.1676,0.6392,0.1791,31
r1wjqrqbm,2002-02-01,0.0,0.0,0.1678,0.6844,0.1369,28
r1wjqrqbm,2002-03-01,0.0,0.0,0.1531,0.6553,0.1803,31
r1wjqrqbm,2002-04-01,0.0,0.0,0.1735,0.6249,0.1888,30
r1wjqrqbm,2002-05-01,0.0,0.0,0.2,0.5614,0.2218,31
r1wjqrqbm,2002-06-01,0.0,0.0,0.2985,0.5509,0.139,30
r1wjqrqbm,2002-07-01,0.0,0.0,0.3338,0.5424,0.119,31
r1wjqrqbm,2002-08-01,0.0,0.0,0.2199,0.593,0.1752,31
r1wjqrqbm,2002-09-01,0.0,0.0,0.1398,0.6037,0.2444,30
r1wjqrqbm,2002-10-01,0.0,0.0,0.1185,0.6272,0.2388,31
r1wjqrqbm,2002-11-01,0.0,0.0,0.1257,0.6168,0.2453,30
r1wjqrqbm,2002-12-01,0.0,0.0,0.1307,0.5962,0.2598,31
r1wjqrqbm,2003-01-01,0.0,0.0,0.1492,0.5877,0.2503,31
r1wjqrqbm,2003-02-01,0.0,0.0,0.141,0.704,0.1452,28
r1wjqrqbm,2003-03-01,0.0,0.0,0.1275,0.6253,0.2353,31
r1wjqrqbm,2003-04-01,0.0,0.0,0.1145,0.6529,0.2158,30
r1wjqrqbm,2003-05-01,0.0,0.0,0.1746,0.6189,0.1948,31
r1wjqrqbm,2003-06-01,0.0,0.0,0.2278,0.5846,0.1757,30
r1wjqrqbm,2003-07-01,0.0,0.0,0.2707,0.5588,0.1583,31
r1wjqrqbm,2003-08-01,0.0,0.0,0.3144,0.5327,0.1406,31
r1wjqrqbm,2003-09-01,0.0,0.0,0.3574,0.507,0.1232,30
r1wjqrqbm,2003-10-01,0.0,0.0,0.3837,0.4909,0.1127,31
r1wjqrqbm,2003-11-01,0.0,0.0,0.3473,0.5118,0.1283,30
r1wjqrqbm,2003-12-01,0.0,0.0,0.3054,0.5359,0.1462,31
r1wjqrqbm,2004-01-01,0.0,0.0,0.2627,0.5603,0.1643,31
r1wjqrqbm,2004-02-01,0.0,0.0,0.2215,0.5839,0.1819,29
r1wjqrqbm,2004-03-01,0.0,0.0,0.1803,0.6075,0.1936,31
r1wjqrqbm,2004-04-01,0.0,0.0,0.1828,0.6764,0.1279,30
r1wjqrqbm,2004-05-01,0.0,0.0,0.2131,0.632,0.1431,31
r1wjqrqbm,2004-06-01,0.0,0.0,0.3571,0.5416,0.091,30
r1wjqrqbm,2004-07-01,0.0,0.0,0.4747,0.4652,0.0519,31
r1wjqrqbm,2004-08-01,0.0,0.0,0.448,0.4594,0.0809,31
r1wjqrqbm,2004-09-01,0.0,0.0001,0.3376,0.5425,0.108,30
r1wjqrqbm,2004-10-01,0.0,0.0002,0.2947,0.5677,0.1252,31
r1wjqrqbm,2004-11-01,0.0,0.0001,0.2993,0.5706,0.1185,30
r1wjqrqbm,2004-12-01,0.0,0.0,0.3037,0.5735,0.1112,31
r1wjqrqbm,2005-01-01,0.0,0.0,0.2567,0.6117,0.1205,31
r1wjqrqbm,2005-02-01,0.0,0.0,0.2932,0.5782,0.1166,28
r1wjqrqbm,2005-03-01,0.0,0.0,0.2684,0.5886,0.1291,31
r1wjqrqbm,2005-04-01,0.0,0.0,0.2479,0.614,0.1257,30
r1wjqrqbm,2005-05-01,0.0,0.0003,0.279,0.5825,0.1295,31
r1wjqrqbm,2005-06-01,0.0002,0.0013,0.3026,0.551,0.1336,30
r1wjqrqbm,2005-07-01,0.0,0.0,0.3607,0.5134,0.1146,31
r1wjqrqbm,2005-08-01,0.0,0.0,0.398,0.4824,0.1078,31
r1wjqrqbm,2005-09-01,0.0,0.0,0.4286,0.4663,0.093,30
r1wjqrqbm,2005-10-01,0.0,0.0,0.3596,0.4531,0.1818,31
r1wjqrqbm,2005-11-01,0.0,0.0,0.2885,0.5404,0.1589,30
r1wjqrqbm,2005-12-01,0.0,0.0,0.2256,0.6485,0.1138,31
r1wjqrqbm,2006-01-01,0.0,0.0,0.1639,0.7449,0.0754,31
r1wjqrqbm,2006-02-01,0.0,0.0,0.1721,0.7182,0.0979,28
r1wjqrqbm,2006-03-01,0.0,0.0,0.1791,0.6925,0.1161,31
r1wjqrqbm,2006-04-01,0.0,0.0,0.2063,0.646,0.1323,30
r1wjqrqbm,2006-05-01,0.0,0.0,0.2721,0.6025,0.1141,31
r1wjqrqbm,2006-06-01,0.0,0.0,0.2645,0.5983,0.1258,30
r1wjqrqbm,2006-07-01,0.0001,0.0022,0.2794,0.5837,0.1231,31
r1wjqrqbm,2006-08-01,0.0002,0.0043,0.3034,0.562,0.1184,31
r1wjqrqbm,2006-09-01,0.0001,0.0012,0.2712,0.5654,0.1496,30
r1wjqrqbm,2006-10-01,0.0,0.0,0.1969,0.6109,0.1793,31
r1wjqrqbm,2006-11-01,0.0,0.0,0.1569,0.6426,0.1923,30
r1wjqrqbm,2006-12-01,0.0,0.0,0.17,0.6365,0.1838,31
r1wjqrqbm,2007-01-01,0.0,0.0,0.1324,0.6459,0.2082,31
r1wjqrqbm,2007-02-01,0.0,0.0,0.1262,0.6463,0.2163,28
r1wjqrqbm,2007-03-01,0.0,0.0,0.1352,0.649,0.2024,31
r1wjqrqbm,2007-04-01,0.0,0.0,0.1584,0.6415,0.1774,30
r1wjqrqbm,2007-05-01,0.0,0.0,0.3469,0.5163,0.1248,31
r1wjqrqbm,2007-06-01,0.0,0.0,0.5353,0.3911,0.0715,30
r1wjqrqbm,2007-07-01,0.0003,0.0078,0.5616,0.3478,0.0703,31
r1wjqrqbm,2007-08-01,0.0,0.0001,0.5127,0.3522,0.1152,31
r1wjqrqbm,2007-09-01,0.0,0.0,0.4122,0.47,0.1061,30
r1wjqrqbm,2007-10-01,0.0,0.0,0.3266,0.5434,0.1174,31
r1wjqrqbm,2007-11-01,0.0,0.0,0.254,0.608,0.1252,30
r1wjqrqbm,2007-12-01,0.0,0.0,0.1815,0.6727,0.133,31
r1wjqrqbm,2008-01-01,0.0,0.0,0.1411,0.7066,0.1435,31
r1wjqrqbm,2008-02-01,0.0,0.0,0.1541,0.6871,0.1461,29
r1wjqrqbm,2008-03-01,0.0,0.0,0.1554,0.693,0.1389,31
r1wjqrqbm,2008-04-01,0.0,0.0,0.1616,0.6714,0.1541,30
r1wjqrqbm,2008-05-01,0.0,0.0,0.1679,0.6498,0.1693,31
r1wjqrqbm,2008-06-01,0.0,0.0,0.1741,0.6281,0.1845,30
r1wjqrqbm,2008-07-01,0.0,0.0,0.1804,0.6065,0.1997,31
r1wjqrqbm,2008-08-01,0.0,0.0,0.1867,0.5845,0.2152,31
r1wjqrqbm,2008-09-01,0.0,0.0,0.1915,0.5636,0.2304,30
r1wjqrqbm,2008-10-01,0.0,0.0,0.1351,0.5766,0.2738,31
r1wjqrqbm,2008-11-01,0.0,0.0,0.1023,0.5989,0.2836,30
r1wjqrqbm,2008-12-01,0.0,0.0,0.1087,0.5994,0.2773,31
r1wjqrqbm,2009-01-01,0.0,0.0,0.1005,0.6161,0.2696,31
r1wjqrqbm,2009-02-01,0.0,0.0,0.0802,0.6537,0.2588,28
r1wjqrqbm,2009-03-01,0.0,0.0,0.1181,0.6486,0.2205,31
r1wjqrqbm,2009-04-01,0.0,0.0,0.1276,0.6574,0.2027,30
r1wjqrqbm,2009-05-01,0.0,0.0,0.1587,0.6669,0.1637,31
r1wjqrqbm,2009-06-01,0.0,0.0,0.1907,0.6292,0.168,30
r1wjqrqbm,2009-07-01,0.0,0.0,0.2227,0.5949,0.17,31
r1wjqrqbm,2009-08-01,0.0,0.0,0.2552,0.5601,0.172,31
r1wjqrqbm,2009-09-01,0.0,0.0,0.2723,0.5413,0.1746,30
r1wjqrqbm,2009-10-01,0.0,0.0,0.214,0.5925,0.1803,31
r1wjqrqbm,2009-11-01,0.0,0.0,0.1572,0.6318,0.1878,30
r1wjqrqbm,2009-12-01,0.0,0.0,0.1569,0.5996,0.2243,31
r1wjqrqbm,2010-01-01,0.0,0.0,0.1724,0.6003,0.2134,31
r1wjqrqbm,2010-02-01,0.0,0.0,0.1874,0.6011,0.2,28
r1wjqrqbm,2010-03-01,0.0,0.0,0.2232,0.5452,0.218,31
r1wjqrqbm,2010-04-01,0.0,0.0004,0.2438,0.5325,0.2099,30
r1wjqrqbm,2010-05-01,0.0,0.0008,0.2597,0.533,0.1932,31
r1wjqrqbm,2010-06-01,0.0,0.0012,0.2756,0.5334,0.1766,30
r1wjqrqbm,2010-07-01,0.0,0.0017,0.2915,0.5339,0.16,31
r1wjqrqbm,2010-08-01,0.0,0.0021,0.3077,0.5343,0.143,31
r1wjqrqbm,2010-09-01,0.0001,0.0025,0.3236,0.5348,0.1264,30
r1wjqrqbm,2010-10-01,0.0001,0.003,0.3395,0.5353,0.1098,31
r1wjqrqbm,2010-11-01,0.0001,0.0034,0.3541,0.5355,0.0931,30
r1wjqrqbm,2010-12-01,0.0539,0.0162,0.351,0.487,0.0807,31
r1wjqrqbm,2011-01-01,0.2805,0.086,0.2697,0.3013,0.0548,31
r1wjqrqbm,2011-02-01,0.3522,0.0962,0.2486,0.2455,0.0505,28
r1wjqrqbm,2011-03-01,0.3614,0.0842,0.2543,0.2403,0.0528,31
r1wjqrqbm,2011-04-01,0.3709,0.0719,0.2602,0.2349,0.055,30
r1wjqrqbm,2011-05-01,0.3804,0.0595,0.2661,0.2294,0.0573,31
r1wjqrqbm,2011-06-01,0.3899,0.0472,0.272,0.224,0.0596,30
r1wjqrqbm,2011-07-01,0.3994,0.0348,0.2779,0.2186,0.0619,31
r1wjqrqbm,2011-08-01,0.4091,0.0222,0.2839,0.2131,0.0642,31
r1wjqrqbm,2011-09-01,0.4198,0.0188,0.2815,0.2052,0.0671,30
r1wjqrqbm,2011-10-01,0.4045,0.0227,0.275,0.2055,0.0819,31
r1wjqrqbm,2011-11-01,0.3397,0.063,0.2621,0.2476,0.0793,30
r1wjqrqbm,2011-12-01,0.3197,0.0596,0.2628,0.2678,0.0818,31
r1wjqrqbm,2012-01-01,0.2993,0.0558,0.2635,0.2883,0.0844,31
r1wjqrqbm,2012-02-01,0.2795,0.0521,0.2643,0.3081,0.087,29
r1wjqrqbm,2012-03-01,0.2598,0.0484,0.265,0.328,0.0895,31
r1wjqrqbm,2012-04-01,0.2397,0.0447,0.2657,0.3482,0.0922,30
r1wjqrqbm,2012-05-01,0.2197,0.041,0.2665,0.3683,0.0948,31
r1wjqrqbm,2012-06-01,0.1996,0.0372,0.2672,0.3885,0.0974,30
r1wjqrqbm,2012-07-01,0.1796,0.0335,0.268,0.4087,0.1,31
r1wjqrqbm,2012-08-01,0.1592,0.0297,0.2687,0.4292,0.1026,31
r1wjqrqbm,2012-09-01,0.1391,0.0259,0.2695,0.4494,0.1053,30
r1wjqrqbm,2012-10-01,0.119,0.0222,0.2702,0.4696,0.1079,31
r1wjqrqbm,2012-11-01,0.099,0.0185,0.2709,0.4898,0.1105,30
r1wjqrqbm,2012-12-01,0.0789,0.0147,0.2717,0.5099,0.1131,31
r1wjqrqbm,2013-01-01,0.0585,0.0109,0.2724,0.5305,0.1157,31
r1wjqrqbm,2013-02-01,0.0391,0.0073,0.2731,0.55,0.1183,28
r1wjqrqbm,2013-03-01,0.0197,0.0037,0.2739,0.5695,0.1208,31
r1wjqrqbm,2013-04-01,0.0,0.0,0.2747,0.5823,0.1241,30
r1wjqrqbm,2013-05-01,0.0,0.0,0.2831,0.5371,0.1661,31
r1wjqrqbm,2013-06-01,0.0,0.0008,0.3073,0.5101,0.1675,30
r1wjqrqbm,2013-07-01,0.0,0.0,0.3636,0.4733,0.1485,31
r1wjqrqbm,2013-08-01,0.0,0.0001,0.4363,0.4109,0.1375,31
r1wjqrqbm,2013-09-01,0.0,0.0001,0.5022,0.3565,0.1267,30
r1wjqrqbm,2013-10-01,0.0,0.0,0.4303,0.4363,0.1191,31
r1wjqrqbm,2013-11-01,0.0,0.0,0.2859,0.5741,0.1271,30
r1wjqrqbm,2013-12-01,0.0,0.0,0.2161,0.6305,0.1409,31
r1wjqrqbm,2014-01-01,0.0,0.0,0.2139,0.6396,0.1341,31
r1wjqrqbm,2014-02-01,0.0,0.0,0.2322,0.6459,0.1097,28
r1wjqrqbm,2014-03-01,0.0,0.0,0.2631,0.6078,0.1161,31
r1wjqrqbm,2014-04-01,0.0,0.0,0.295,0.5684,0.1228,30
r1wjqrqbm,2014-05-01,0.0,0.009,0.4359,0.4134,0.1267,31
r1wjqrqbm,2014-06-01,0.0,0.0168,0.5865,0.2481,0.1304,30
r1wjqrqbm,2014-07-01,0.0,0.0029,0.5991,0.2527,0.1293,31
r1wjqrqbm,2014-08-01,0.0,0.0001,0.554,0.3348,0.0944,31
r1wjqrqbm,2014-09-01,0.0,0.0661,0.4332,0.3895,0.0855,30
r1wjqrqbm,2014-10-01,0.0,0.0,0.3196,0.559,0.1091,31
r1wjqrqbm,2014-11-01,0.0,0.0,0.2442,0.6211,0.123,30
r1wjqrqbm,2014-12-01,0.0,0.0,0.2078,0.626,0.1536,31
r1wjqrqbm,2015-01-01,0.0,0.0,0.1866,0.6143,0.1855,31
r1wjqrqbm,2015-02-01,0.0,0.0,0.2096,0.6429,0.1347,28
r1wjqrqbm,2015-03-01,0.0,0.0,0.1939,0.6162,0.1765,31
r1wjqrqbm,2015-04-01,0.0,0.0,0.2001,0.5959,0.1892,30
r1wjqrqbm,2015-05-01,0.0,0.0,0.2033,0.5957,0.1864,31
r1wjqrqbm,2015-06-01,0.0,0.0001,0.2142,0.5928,0.1783,30
r1wjqrqbm,2015-07-01,0.0,0.0004,0.2552,0.5705,0.1596,31
r1wjqrqbm,2015-08-01,0.0,0.0,0.3079,0.5137,0.1639,31
r1wjqrqbm,2015-09-01,0.0,0.0,0.3221,0.4918,0.1718,30
r1wjqrqbm,2015-10-01,0.0,0.0,0.233,0.5834,0.1726,31
r1wjqrqbm,2015-11-01,0.0,0.0,0.1809,0.6119,0.1907,30
r1wjqrqbm,2015-12-01,0.0,0.0,0.1689,0.6381,0.1858,31
r1wjqrqbm,2016-01-01,0.0,0.0,0.1777,0.6369,0.1745,31
r1wjqrqbm,2016-02-01,0.0,0.0,0.1809,0.6233,0.183,29
r1wjqrqbm,2016-03-01,0.0,0.0,0.1895,0.6248,0.1721,31
r1wjqrqbm,2016-04-01,0.0,0.0,0.202,0.5859,0.1979,30
r1wjqrqbm,2016-05-01,0.0042,0.0046,0.2096,0.5739,0.1937,31
r1wjqrqbm,2016-06-01,0.0099,0.0106,0.2186,0.5663,0.1808,30
r1wjqrqbm,2016-07-01,0.0155,0.0166,0.2276,0.5588,0.168,31
r1wjqrqbm,2016-08-01,0.0212,0.0228,0.2368,0.5511,0.1549,31
r1wjqrqbm,2016-09-01,0.0269,0.0288,0.2458,0.5436,0.1421,30
r1wjqrqbm,2016-10-01,0.0325,0.0349,0.2548,0.5361,0.1292,31
r1wjqrqbm,2016-11-01,0.0381,0.0393,0.2605,0.5285,0.1172,30
r1wjqrqbm,2016-12-01,0.0877,0.0313,0.2302,0.5214,0.1191,31
r1wjqrqbm,2017-01-01,0.0571,0.0171,0.2633,0.5331,0.1174,31
r1wjqrqbm,2017-02-01,0.0103,0.0031,0.3102,0.5486,0.1148,28
r1wjqrqbm,2017-03-01,0.0,0.0044,0.3305,0.5454,0.106,31
r1wjqrqbm,2017-04-01,0.0,0.0237,0.3852,0.4806,0.0966,30
r1wjqrqbm,2017-05-01,0.0,0.1192,0.4451,0.3077,0.1137,31
r1wjqrqbm,2017-06-01,0.0,0.0,0.5552,0.3341,0.0892,30
r1wjqrqbm,2017-07-01,0.0,0.0,0.5391,0.3472,0.0947,31
r1wjqrqbm,2017-08-01,0.0,0.0004,0.5312,0.3519,0.1007,31
r1wjqrqbm,2017-09-01,0.0,0.0,0.4777,0.4219,0.0904,30
r1wjqrqbm,2017-10-01,0.0,0.0,0.3476,0.5582,0.0936,31
r1wjqrqbm,2017-11-01,0.0,0.0,0.2131,0.6379,0.1442,30
r1wjqrqbm,2017-12-01,0.0,0.0,0.2762,0.6026,0.1086,31
r1wjqrqbm,2018-01-01,0.0,0.0,0.3117,0.5975,0.0784,31
r1wjqrqbm,2018-02-01,0.0,0.0,0.3005,0.605,0.0826,28
r1wjqrqbm,2018-03-01,0.0,0.0,0.2782,0.6083,0.0982,31
r1wjqrqbm,2018-04-01,0.0,0.0,0.2794,0.607,0.1013,30
r1wjqrqbm,2018-05-01,0.0,0.0,0.2948,0.5744,0.1178,31
r1wjqrqbm,2018-06-01,0.0,0.0,0.3297,0.5371,0.1192,30
r1wjqrqbm,2018-07-01,0.0,0.0,0.3826,0.4964,0.1074,31
r1wjqrqbm,2018-08-01,0.0,0.0,0.3824,0.5001,0.1039,31
r1wjqrqbm,2018-09-01,0.0,0.0,0.3371,0.5288,0.1212,30
r1wjqrqbm,2018-10-01,0.0,0.0,0.2268,0.5826,0.1769,31
r1wjqrqbm,2018-11-01,0.0,0.0,0.2004,0.5891,0.1961,30
r1wjqrqbm,2018-12-01,0.0,0.0,0.1783,0.5944,0.2104,31
r1wjqrqbm,2019-01-01,0.0,0.0,0.1892,0.6287,0.1683,31
r1wjqrqbm,2019-02-01,0.0,0.0,0.2053,0.629,0.1487,28
r1wjqrqbm,2019-03-01,0.0,0.0,0.1972,0.6256,0.1634,31
r1wjqrqbm,2019-04-01,0.0,0.0,0.2149,0.6208,0.1509,30
r1wjqrqbm,2019-05-01,0.0,0.0,0.3487,0.5104,0.1264,31
r1wjqrqbm,2019-06-01,0.0,0.0,0.4844,0.3982,0.1099,30
r1wjqrqbm,2019-07-01,0.0,0.011,0.5293,0.2595,0.1836,31
r1wjqrqbm,2019-08-01,0.0,0.0129,0.5825,0.264,0.1228,31
r1wjqrqbm,2019-09-01,0.0,0.0073,0.4288,0.4099,0.1387,30
r1wjqrqbm,2019-10-01,0.0,0.0025,0.2656,0.5684,0.1504,31
r1wjqrqbm,2019-11-01,0.0,0.0,0.2039,0.6205,0.1624,30
r1wjqrqbm,2019-12-01,0.0,0.0,0.1538,0.6553,0.1768,31
r1wjqrqbm,2020-01-01,0.0,0.0,0.1223,0.7241,0.1399,31
r1wjqrqbm,2020-02-01,0.0,0.0,0.1412,0.67,0.1724,29
r1wjqrqbm,2020-03-01,0.0,0.0,0.1524,0.6365,0.189,31
r1wjqrqbm,2020-04-01,0.0,0.0,0.2871,0.5295,0.168,30
r1wjqrqbm,2020-05-01,0.0,0.0,0.426,0.4206,0.1377,31
r1wjqrqbm,2020-06-01,0.0,0.0,0.535,0.3363,0.1125,30
r1wjqrqbm,2020-07-01,0.0,0.0,0.5449,0.3332,0.1054,31
r1wjqrqbm,2020-08-01,0.0,0.0,0.4528,0.4134,0.1185,31
r1wjqrqbm,2020-09-01,0.0,0.0,0.3621,0.4924,0.1315,30
r1wjqrqbm,2020-10-01,0.0,0.0,0.2805,0.5638,0.1427,31
r1wjqrqbm,2020-11-01,0.0,0.0,0.2453,0.5967,0.1449,30
r1wjqrqbm,2020-12-01,0.0,0.0,0.2101,0.6295,0.1471,31
r1wjqrqbm,2021-01-01,0.0,0.0,0.2101,0.6317,0.1451,31
r1wjqrqbm,2021-02-01,0.0,0.0,0.2151,0.634,0.138,28
r1wjqrqbm,2021-03-01,0.0,0.0,0.2037,0.6568,0.1285,31
r1wjqrqbm,2021-04-01,0.0,0.0,0.217,0.6459,0.12,30
r1wjqrqbm,2021-05-01,0.0,0.0,0.2375,0.6301,0.1128,31
r1wjqrqbm,2021-06-01,0.0,0.0002,0.3568,0.5354,0.1278,30
r1wjqrqbm,2021-07-01,0.0009,0.0098,0.3982,0.4894,0.0859,31
r1wjqrqbm,2021-08-01,0.0004,0.0047,0.5208,0.3944,0.0561,31
r1wjqrqbm,2021-09-01,0.0,0.0,0.4378,0.4823,0.069,30
r1wjqrqbm,2021-10-01,0.0,0.0,0.2857,0.5767,0.1137,31
r1wjqrqbm,2021-11-01,0.0,0.0,0.2084,0.6154,0.1628,30
r1wjqrqbm,2021-12-01,0.0,0.0,0.1719,0.6628,0.1521,31
r1wjqrqbm,2022-01-01,0.0,0.0,0.1663,0.6873,0.1345,31
r1wjqrqbm,2022-02-01,0.0,0.0,0.1796,0.6402,0.1701,28
r1wjqrqbm,2022-03-01,0.0,0.0,0.2197,0.6211,0.1462,31
r1wjqrqbm,2022-04-01,0.0,0.0,0.2754,0.5828,0.1277,30
r1wjqrqbm,2022-05-01,0.0,0.0856,0.3578,0.4412,0.1018,31
r1wjqrqbm,2022-06-01,0.0,0.2023,0.4413,0.2615,0.0799,30
r1wjqrqbm,2022-07-01,0.0,0.0001,0.6153,0.3029,0.0614,31
r1wjqrqbm,2022-08-01,0.0,0.0002,0.5942,0.3161,0.0718,31
r1wjqrqbm,2022-09-01,0.0,0.0002,0.5589,0.3389,0.085,30
r1wjqrqbm,2022-10-01,0.0,0.0002,0.4988,0.3555,0.0988,31
r1wjqrqbm,2022-11-01,0.4923,0.242,0.1106,0.103,0.0404,30
r1wjqrqbm,2022-12-01,0.4904,0.1644,0.1459,0.1463,0.0478,31
r1wjqrqbm,2023-01-01,0.4233,0.0532,0.2334,0.2171,0.0652,31
r1wjqrqbm,2023-02-01,0.404,0.0335,0.2455,0.2458,0.0628,28
r1wjqrqbm,2023-03-01,0.3803,0.0092,0.2719,0.2583,0.0715,31
r1wjqrqbm,2023-04-01,0.3514,0.0133,0.2932,0.2554,0.0768,30
r1wjqrqbm,2023-05-01,0.3295,0.0169,0.3138,0.2511,0.0798,31
r1wjqrqbm,2023-06-01,0.3382,0.0133,0.3273,0.2411,0.0697,30
r1wjqrqbm,2023-07-01,0.3499,0.0103,0.3381,0.231,0.0615,31
r1wjqrqbm,2023-08-01,0.352,0.0171,0.3316,0.22,0.069,31
r1wjqrqbm,2023-09-01,0.3487,0.0222,0.3148,0.2313,0.0731,30
r1wjqrqbm,2023-10-01,0.3387,0.023,0.2882,0.2703,0.0705,31
r1wjqrqbm,2023-11-01,0.23,0.0124,0.2749,0.3775,0.0948,30
r1wjqrqbm,2023-12-01,0.0689,0.0066,0.2759,0.4838,0.1522,23
r1wjrs4ms,1986-08-01,0.0066,0.0058,0.4881,0.2856,0.2014,6
r1wjrs4ms,1986-09-01,0.0062,0.0055,0.4852,0.2927,0.1978,30
r1wjrs4ms,1986-10-01,0.0056,0.005,0.4802,0.3048,0.1918,31
r1wjrs4ms,1986-11-01,0.005,0.0046,0.4752,0.3169,0.1858,30
r1wjrs4ms,1986-12-01,0.0043,0.0041,0.4703,0.329,0.1799,31
r1wjrs4ms,1987-01-01,0.0037,0.0036,0.4652,0.3412,0.1738,31
r1wjrs4ms,1987-02-01,0.0031,0.0031,0.4604,0.3529,0.168,28
r1wjrs4ms,1987-03-01,0.0025,0.0027,0.4556,0.3646,0.1622,31
r1wjrs4ms,1987-04-01,0.0018,0.0022,0.4507,0.3767,0.1562,30
r1wjrs4ms,1987-05-01,0.0012,0.0017,0.4457,0.3888,0.1502,31
r1wjrs4ms,1987-06-01,0.0006,0.0012,0.4407,0.4009,0.1442,30
r1wjrs4ms,1987-07-01,0.0001,0.001,0.4326,0.4133,0.1412,31
r1wjrs4ms,1987-08-01,0.0002,0.0014,0.4028,0.4284,0.1548,31
r1wjrs4ms,1987-09-01,0.0003,0.0019,0.3736,0.4433,0.1685,30
r1wjrs4ms,1987-10-01,0.0004,0.0017,0.2971,0.5126,0.1759,31
r1wjrs4ms,1987-11-01,0.0004,0.0009,0.1777,0.6189,0.1776,30
r1wjrs4ms,1987-12-01,0.0,0.0,0.1127,0.6792,0.1944,31
r1wjrs4ms,1988-01-01,0.0003,0.0007,0.1171,0.5974,0.2629,31
r1wjrs4ms,1988-02-01,0.0015,0.0032,0.1314,0.6507,0.2008,29
r1wjrs4ms,1988-03-01,0.0,0.0001,0.109,0.5936,0.2851,31
r1wjrs4ms,1988-04-01,0.0,0.0004,0.18,0.5942,0.2125,30
r1wjrs4ms,1988-05-01,0.0002,0.0002,0.4105,0.3929,0.183,31
r1wjrs4ms,1988-06-01,0.0005,0.0004,0.6147,0.2362,0.1498,30
r1wjrs4ms,1988-07-01,0.0012,0.0038,0.6155,0.2752,0.0906,31
r1wjrs4ms,1988-08-01,0.0012,0.004,0.6101,0.2875,0.084,31
r1wjrs4ms,1988-09-01,0.0017,0.0036,0.4579,0.306,0.2173,30
r1wjrs4ms,1988-10-01,0.0028,0.0047,0.3322,0.3766,0.2709,31
r1wjrs4ms,1988-11-01,0.0011,0.0034,0.2415,0.5151,0.2262,30
r1wjrs4ms,1988-12-01,0.0,0.0021,0.1858,0.59,0.2087,31
r1wjrs4ms,1989-01-01,0.0,0.001,0.1888,0.5562,0.24,31
r1wjrs4ms,1989-02-01,0.0,0.0002,0.1785,0.5359,0.2728,28
r1wjrs4ms,1989-03-01,0.0,0.0,0.2006,0.4972,0.2879,31
r1wjrs4ms,1989-04-01,0.0011,0.0003,0.3178,0.427,0.2405,30
r1wjrs4ms,1989-05-01,0.0029,0.0007,0.4785,0.345,0.1596,31
r1wjrs4ms,1989-06-01,0.0044,0.0019,0.5474,0.3149,0.1178,30
r1wjrs4ms,1989-07-01,0.0066,0.0045,0.5499,0.3388,0.0831,31
r1wjrs4ms,1989-08-01,0.0087,0.0051,0.5569,0.3268,0.0887,31
r1wjrs4ms,1989-09-01,0.0051,0.0157,0.5413,0.3141,0.1103,30
r1wjrs4ms,1989-10-01,0.001,0.0039,0.4025,0.4212,0.158,31
r1wjrs4ms,1989-11-01,0.0004,0.0019,0.2517,0.5604,0.1727,30
r1wjrs4ms,1989-12-01,0.0,0.0004,0.1389,0.6648,0.1835,31
r1wjrs4ms,1990-01-01,0.0,0.0003,0.1323,0.6712,0.1838,31
r1wjrs4ms,1990-02-01,0.0,0.0002,0.1261,0.6774,0.1841,28
r1wjrs4ms,1990-03-01,0.0,0.0001,0.1198,0.6836,0.1844,31
r1wjrs4ms,1990-04-01,0.0,0.0,0.1402,0.6473,0.1913,30
r1wjrs4ms,1990-05-01,0.0,0.0004,0.3153,0.5303,0.1422,31
r1wjrs4ms,1990-06-01,0.0023,0.0011,0.4367,0.4089,0.1373,30
r1wjrs4ms,1990-07-01,0.0313,0.0148,0.4298,0.3623,0.1473,31
r1wjrs4ms,1990-08-01,0.0172,0.0095,0.4603,0.3694,0.1307,31
r1wjrs4ms,1990-09-01,0.0019,0.0029,0.4425,0.3946,0.1451,30
r1wjrs4ms,1990-10-01,0.0004,0.0047,0.286,0.5233,0.1727,31
r1wjrs4ms,1990-11-01,0.0,0.0008,0.1642,0.5937,0.2229,30
r1wjrs4ms,1990-12-01,0.0,0.0004,0.1231,0.6726,0.1913,31
r1wjrs4ms,1991-01-01,0.0003,0.0004,0.1348,0.588,0.2624,31
r1wjrs4ms,1991-02-01,0.0001,0.0001,0.1335,0.5825,0.2704,28
r1wjrs4ms,1991-03-01,0.0,0.0,0.1378,0.5944,0.2547,31
r1wjrs4ms,1991-04-01,0.0021,0.0006,0.1872,0.5811,0.2164,30
r1wjrs4ms,1991-05-01,0.0069,0.0018,0.2854,0.5132,0.1803,31
r1wjrs4ms,1991-06-01,0.0108,0.0029,0.3837,0.4453,0.1442,30
r1wjrs4ms,1991-07-01,0.0027,0.0012,0.4583,0.3758,0.149,31
r1wjrs4ms,1991-08-01,0.0008,0.0075,0.4829,0.3543,0.1416,31
r1wjrs4ms,1991-09-01,0.0014,0.0138,0.4903,0.3484,0.1325,30
r1wjrs4ms,1991-10-01,0.0,0.0016,0.3235,0.4587,0.1942,31
r1wjrs4ms,1991-11-01,0.0003,0.0017,0.16,0.6575,0.1684,30
r1wjrs4ms,1991-12-01,0.0,0.0001,0.1185,0.6759,0.1926,31
r1wjrs4ms,1992-01-01,0.0,0.0003,0.1035,0.6522,0.2312,31
r1wjrs4ms,1992-02-01,0.0003,0.0004,0.0847,0.6743,0.2278,29
r1wjrs4ms,1992-03-01,0.0002,0.0002,0.084,0.688,0.2162,31
r1wjrs4ms,1992-04-01,0.0,0.0,0.1169,0.6196,0.2403,30
r1wjrs4ms,1992-05-01,0.0007,0.001,0.2697,0.5449,0.1725,31
r1wjrs4ms,1992-06-01,0.0033,0.0207,0.3891,0.4314,0.1452,30
r1wjrs4ms,1992-07-01,0.0016,0.005,0.4739,0.3457,0.1588,31
r1wjrs4ms,1992-08-01,0.0008,0.0046,0.5038,0.3408,0.1357,31
r1wjrs4ms,1992-09-01,0.0017,0.0305,0.5301,0.2804,0.1409,30
r1wjrs4ms,1992-10-01,0.003,0.0623,0.4266,0.354,0.144,31
r1wjrs4ms,1992-11-01,0.0003,0.016,0.2793,0.5548,0.1387,30
r1wjrs4ms,1992-12-01,0.004,0.0015,0.212,0.5786,0.1919,31
r1wjrs4ms,1993-01-01,0.0012,0.0001,0.2609,0.5513,0.1728,31
r1wjrs4ms,1993-02-01,0.0003,0.0101,0.2266,0.5809,0.17,28
r1wjrs4ms,1993-03-01,0.0001,0.003,0.2258,0.5806,0.1758,31
r1wjrs4ms,1993-04-01,0.0,0.0,0.1952,0.5417,0.2514,30
r1wjrs4ms,1993-05-01,0.0,0.0003,0.2163,0.5932,0.1782,31
r1wjrs4ms,1993-06-01,0.0,0.0001,0.2122,0.5855,0.1908,30
r1wjrs4ms,1993-07-01,0.0221,0.0055,0.2436,0.5385,0.1787,31
r1wjrs4ms,1993-08-01,0.0351,0.0163,0.3099,0.4698,0.1573,31
r1wjrs4ms,1993-09-01,0.0346,0.0286,0.3836,0.4016,0.14,30
r1wjrs4ms,1993-10-01,0.0341,0.036,0.432,0.358,0.1287,31
r1wjrs4ms,1993-11-01,0.0036,0.0035,0.3034,0.5175,0.1592,30
r1wjrs4ms,1993-12-01,0.0006,0.0013,0.1882,0.5278,0.2584,31
r1wjrs4ms,1994-01-01,0.0004,0.0008,0.1656,0.6041,0.2167,31
r1wjrs4ms,1994-02-01,0.0002,0.0004,0.1663,0.6263,0.1943,28
r1wjrs4ms,1994-03-01,0.0,0.0007,0.2248,0.5411,0.2208,31
r1wjrs4ms,1994-04-01,0.0,0.0005,0.2133,0.52,0.2527,30
r1wjrs4ms,1994-05-01,0.0003,0.0,0.2102,0.5194,0.2558,31
r1wjrs4ms,1994-06-01,0.0001,0.0,0.2711,0.5083,0.2079,30
r1wjrs4ms,1994-07-01,0.0002,0.0,0.2831,0.5069,0.197,31
r1wjrs4ms,1994-08-01,0.0002,0.0,0.2191,0.5058,0.2617,31
r1wjrs4ms,1994-09-01,0.0001,0.0007,0.1642,0.5487,0.2732,30
r1wjrs4ms,1994-10-01,0.0004,0.0018,0.1556,0.6421,0.1958,31
r1wjrs4ms,1994-11-01,0.0002,0.0009,0.1117,0.6124,0.2633,30
r1wjrs4ms,1994-12-01,0.0002,0.0002,0.099,0.5602,0.3287,31
r1wjrs4ms,1995-01-01,0.0,0.0,0.1037,0.5158,0.3671,31
r1wjrs4ms,1995-02-01,0.0,0.0002,0.0902,0.5367,0.359,28
r1wjrs4ms,1995-03-01,0.0,0.0,0.0887,0.5143,0.3814,31
r1wjrs4ms,1995-04-01,0.0,0.0,0.1142,0.5189,0.3522,30
r1wjrs4ms,1995-05-01,0.0003,0.0,0.3161,0.4338,0.2366,31
r1wjrs4ms,1995-06-01,0.0036,0.0012,0.519,0.2861,0.1772,30
r1wjrs4ms,1995-07-01,0.0125,0.0184,0.5689,0.2606,0.1094,31
r1wjrs4ms,1995-08-01,0.0036,0.031,0.5637,0.2172,0.1553,31
r1wjrs4ms,1995-09-01,0.0042,0.004,0.4987,0.3263,0.1532,30
r1wjrs4ms,1995-10-01,0.002,0.0027,0.3402,0.4496,0.1927,31
r1wjrs4ms,1995-11-01,0.0003,0.0014,0.2118,0.5464,0.2277,30
r1wjrs4ms,1995-12-01,0.0001,0.0003,0.1612,0.5728,0.2513,31
r1wjrs4ms,1996-01-01,0.0001,0.0,0.1461,0.5584,0.2782,31
r1wjrs4ms,1996-02-01,0.0002,0.0002,0.1292,0.5599,0.2968,29
r1wjrs4ms,1996-03-01,0.0,0.0,0.1099,0.5781,0.299,31
r1wjrs4ms,1996-04-01,0.0,0.0,0.1248,0.5886,0.2684,30
r1wjrs4ms,1996-05-01,0.0002,0.0,0.1554,0.5937,0.2382,31
r1wjrs4ms,1996-06-01,0.0003,0.0,0.2316,0.559,0.1972,30
r1wjrs4ms,1996-07-01,0.0,0.0,0.4346,0.4141,0.143,31
r1wjrs4ms,1996-08-01,0.0,0.0,0.3984,0.4495,0.1389,31
r1wjrs4ms,1996-09-01,0.0,0.0,0.3274,0.517,0.1423,30
r1wjrs4ms,1996-10-01,0.0,0.0,0.2565,0.5846,0.1457,31
r1wjrs4ms,1996-11-01,0.0,0.0,0.1855,0.6521,0.1491,30
r1wjrs4ms,1996-12-01,0.0,0.0001,0.1359,0.685,0.1643,31
r1wjrs4ms,1997-01-01,0.0,0.0,0.1249,0.6906,0.1731,31
r1wjrs4ms,1997-02-01,0.0,0.0001,0.1157,0.6973,0.1767,28
r1wjrs4ms,1997-03-01,0.0,0.0004,0.1138,0.7404,0.1337,31
r1wjrs4ms,1997-04-01,0.0,0.0,0.1113,0.6769,0.1915,30
r1wjrs4ms,1997-05-01,0.0,0.0,0.2498,0.5767,0.1615,31
r1wjrs4ms,1997-06-01,0.0,0.0,0.3506,0.5038,0.1344,30
r1wjrs4ms,1997-07-01,0.0,0.0,0.3563,0.4909,0.1396,31
r1wjrs4ms,1997-08-01,0.0001,0.0005,0.4025,0.4821,0.1059,31
r1wjrs4ms,1997-09-01,0.0003,0.0007,0.3924,0.4646,0.1296,30
r1wjrs4ms,1997-10-01,0.0001,0.0002,0.2405,0.564,0.1829,31
r1wjrs4ms,1997-11-01,0.0,0.0,0.1027,0.6213,0.2583,30
r1wjrs4ms,1997-12-01,0.0,0.0,0.085,0.6579,0.2446,31
r1wjrs4ms,1998-01-01,0.0,0.0004,0.0786,0.667,0.2406,31
r1wjrs4ms,1998-02-01,0.0,0.0004,0.0814,0.6392,0.2638,28
r1wjrs4ms,1998-03-01,0.0,0.0,0.0703,0.6529,0.2628,31
r1wjrs4ms,1998-04-01,0.0,0.0001,0.1705,0.596,0.2208,30
r1wjrs4ms,1998-05-01,0.0004,0.0003,0.3871,0.4834,0.1169,31
r1wjrs4ms,1998-06-01,0.0009,0.0,0.4328,0.443,0.1115,30
r1wjrs4ms,1998-07-01,0.0003,0.0001,0.4094,0.4451,0.1336,31
r1wjrs4ms,1998-08-01,0.0001,0.0003,0.4131,0.417,0.1577,31
r1wjrs4ms,1998-09-01,0.0,0.0004,0.3181,0.4637,0.2052,30
r1wjrs4ms,1998-10-01,0.0001,0.0008,0.2201,0.5244,0.2414,31
r1wjrs4ms,1998-11-01,0.0011,0.0045,0.1346,0.5814,0.2502,30
r1wjrs4ms,1998-12-01,0.0,0.0004,0.1365,0.5674,0.2803,31
r1wjrs4ms,1999-01-01,0.0,0.0,0.1312,0.5705,0.2849,31
r1wjrs4ms,1999-02-01,0.0,0.0,0.1184,0.567,0.3008,28
r1wjrs4ms,1999-03-01,0.0,0.0,0.1316,0.5287,0.3246,31
r1wjrs4ms,1999-04-01,0.0,0.0,0.1533,0.5081,0.3235,30
r1wjrs4ms,1999-05-01,0.0,0.0,0.1745,0.5286,0.284,31
r1wjrs4ms,1999-06-01,0.0003,0.0003,0.3694,0.4504,0.1675,30
r1wjrs4ms,1999-07-01,0.0004,0.0004,0.5232,0.3747,0.1014,31
r1wjrs4ms,1999-08-01,0.0028,0.0019,0.5117,0.3226,0.1481,31
r1wjrs4ms,1999-09-01,0.0079,0.0053,0.405,0.3755,0.1948,30
r1wjrs4ms,1999-10-01,0.0019,0.0026,0.3156,0.4895,0.1812,31
r1wjrs4ms,1999-11-01,0.0,0.0004,0.188,0.5535,0.2419,30
r1wjrs4ms,1999-12-01,0.0,0.0004,0.1796,0.5703,0.2371,31
r1wjrs4ms,2000-01-01,0.0,0.0,0.1664,0.5639,0.2567,31
r1wjrs4ms,2000-02-01,0.0,0.0,0.1459,0.5813,0.2598,29
r1wjrs4ms,2000-03-01,0.0,0.0,0.1105,0.5549,0.3206,31
r1wjrs4ms,2000-04-01,0.0,0.0,0.1911,0.5526,0.2433,30
r1wjrs4ms,2000-05-01,0.0,0.0,0.4041,0.4157,0.1676,31
r1wjrs4ms,2000-06-01,0.0,0.0,0.48,0.379,0.1282,30
r1wjrs4ms,2000-07-01,0.0,0.0,0.4767,0.3928,0.1182,31
r1wjrs4ms,2000-08-01,0.0,0.0004,0.4464,0.4156,0.1247,31
r1wjrs4ms,2000-09-01,0.0,0.0008,0.3998,0.444,0.1422,30
r1wjrs4ms,2000-10-01,0.0,0.0006,0.317,0.4865,0.183,31
r1wjrs4ms,2000-11-01,0.0,0.0005,0.2342,0.529,0.2237,30
r1wjrs4ms,2000-12-01,0.0,0.0,0.177,0.5324,0.2817,31
r1wjrs4ms,2001-01-01,0.0,0.0,0.1519,0.5647,0.2707,31
r1wjrs4ms,2001-02-01,0.0,0.0,0.1465,0.545,0.293,28
r1wjrs4ms,2001-03-01,0.0,0.0,0.1395,0.542,0.3056,31
r1wjrs4ms,2001-04-01,0.0,0.0,0.1423,0.5236,0.3211,30
r1wjrs4ms,2001-05-01,0.0002,0.0004,0.1511,0.5071,0.3289,31
r1wjrs4ms,2001-06-01,0.0011,0.0018,0.1373,0.5122,0.3351,30
r1wjrs4ms,2001-07-01,0.0012,0.0019,0.1369,0.5171,0.3308,31
r1wjrs4ms,2001-08-01,0.0009,0.0014,0.1427,0.5214,0.3216,31
r1wjrs4ms,2001-09-01,0.0006,0.001,0.1484,0.5256,0.3126,30
r1wjrs4ms,2001-10-01,0.0003,0.0005,0.1541,0.5299,0.3035,31
r1wjrs4ms,2001-11-01,0.0,0.0,0.1575,0.5342,0.2957,30
r1wjrs4ms,2001-12-01,0.0,0.0,0.1241,0.565,0.297,31
r1wjrs4ms,2002-01-01,0.0,0.0,0.1182,0.5796,0.2893,31
r1wjrs4ms,2002-02-01,0.0,0.0,0.1046,0.633,0.249,28
r1wjrs4ms,2002-03-01,0.0,0.0,0.0943,0.5731,0.3173,31
r1wjrs4ms,2002-04-01,0.0,0.0,0.1469,0.5071,0.3308,30
r1wjrs4ms,2002-05-01,0.0,0.0,0.1597,0.4543,0.3738,31
r1wjrs4ms,2002-06-01,0.0,0.0,0.2713,0.4711,0.2448,30
r1wjrs4ms,2002-07-01,0.0,0.0,0.2853,0.4504,0.2583,31
r1wjrs4ms,2002-08-01,0.0,0.0,0.2123,0.4883,0.2868,31
r1wjrs4ms,2002-09-01,0.0,0.0,0.1111,0.5117,0.3642,30
r1wjrs4ms,2002-10-01,0.0,0.0,0.0673,0.5343,0.3847,31
r1wjrs4ms,2002-11-01,0.0,0.0,0.0669,0.5235,0.3958,30
r1wjrs4ms,2002-12-01,0.0,0.0,0.0664,0.5033,0.4163,31
r1wjrs4ms,2003-01-01,0.0002,0.0,0.0659,0.4891,0.4335,31
r1wjrs4ms,2003-02-01,0.0002,0.0008,0.0662,0.6492,0.2719,28
r1wjrs4ms,2003-03-01,0.0,0.0,0.0697,0.4953,0.422,31
r1wjrs4ms,2003-04-01,0.0,0.0,0.0665,0.5664,0.3434,30
r1wjrs4ms,2003-05-01,0.0,0.0,0.1284,0.5014,0.3574,31
r1wjrs4ms,2003-06-01,0.0,0.0001,0.2074,0.4397,0.3393,30
r1wjrs4ms,2003-07-01,0.0,0.0002,0.3009,0.3975,0.2879,31
r1wjrs4ms,2003-08-01,0.0,0.0003,0.3959,0.3546,0.2357,31
r1wjrs4ms,2003-09-01,0.0,0.0004,0.4895,0.3125,0.1844,30
r1wjrs4ms,2003-10-01,0.0,0.0,0.4329,0.339,0.2154,31
r1wjrs4ms,2003-11-01,0.0001,0.0,0.3708,0.3735,0.2428,30
r1wjrs4ms,2003-12-01,0.0002,0.0,0.3087,0.4079,0.2703,31
r1wjrs4ms,2004-01-01,0.0002,0.0,0.2455,0.443,0.2982,31
r1wjrs4ms,2004-02-01,0.0003,0.0,0.1844,0.4769,0.3252,29
r1wjrs4ms,2004-03-01,0.0004,0.0,0.1233,0.5108,0.3433,31
r1wjrs4ms,2004-04-01,0.0,0.0,0.1157,0.6162,0.2554,30
r1wjrs4ms,2004-05-01,0.0,0.0,0.1452,0.583,0.2597,31
r1wjrs4ms,2004-06-01,0.0,0.0,0.271,0.5158,0.2016,30
r1wjrs4ms,2004-07-01,0.0,0.0,0.382,0.4578,0.15,31
r1wjrs4ms,2004-08-01,0.0,0.0,0.4057,0.4004,0.197,31
r1wjrs4ms,2004-09-01,0.0009,0.0041,0.2961,0.4374,0.2492,30
r1wjrs4ms,2004-10-01,0.0017,0.0077,0.2385,0.4478,0.288,31
r1wjrs4ms,2004-11-01,0.0,0.0001,0.1918,0.5069,0.2889,30
r1wjrs4ms,2004-12-01,0.0,0.0004,0.2371,0.4536,0.2926,31
r1wjrs4ms,2005-01-01,0.0003,0.0004,0.2177,0.4627,0.3079,31
r1wjrs4ms,2005-02-01,0.0001,0.0001,0.263,0.4135,0.3097,28
r1wjrs4ms,2005-03-01,0.0002,0.0,0.233,0.4396,0.314,31
r1wjrs4ms,2005-04-01,0.0,0.0,0.214,0.4774,0.2946,30
r1wjrs4ms,2005-05-01,0.0019,0.0019,0.235,0.4707,0.2775,31
r1wjrs4ms,2005-06-01,0.0082,0.0082,0.2682,0.4703,0.2318,30
r1wjrs4ms,2005-07-01,0.0002,0.0002,0.3686,0.3602,0.2579,31
r1wjrs4ms,2005-08-01,0.0,0.0,0.4481,0.2988,0.2404,31
r1wjrs4ms,2005-09-01,0.0,0.0,0.4716,0.2932,0.2227,30
r1wjrs4ms,2005-10-01,0.0,0.0,0.402,0.2877,0.3027,31
r1wjrs4ms,2005-11-01,0.0,0.0,0.3209,0.3813,0.286,30
r1wjrs4ms,2005-12-01,0.0,0.0,0.2456,0.4891,0.253,31
r1wjrs4ms,2006-01-01,0.0,0.0,0.169,0.5917,0.2271,31
r1wjrs4ms,2006-02-01,0.0,0.0,0.1354,0.5934,0.2583,28
r1wjrs4ms,2006-03-01,0.0,0.0,0.1364,0.5781,0.2725,31
r1wjrs4ms,2006-04-01,0.0,0.0,0.1629,0.5229,0.2968,30
r1wjrs4ms,2006-05-01,0.0,0.0,0.2324,0.4764,0.2782,31
r1wjrs4ms,2006-06-01,0.0001,0.0,0.2301,0.463,0.2933,30
r1wjrs4ms,2006-07-01,0.0045,0.0018,0.2643,0.4396,0.2769,31
r1wjrs4ms,2006-08-01,0.009,0.0035,0.3143,0.4088,0.2517,31
r1wjrs4ms,2006-09-01,0.0025,0.001,0.3146,0.3675,0.3157,30
r1wjrs4ms,2006-10-01,0.0,0.0,0.2144,0.4364,0.3368,31
r1wjrs4ms,2006-11-01,0.0,0.0,0.1594,0.4895,0.3381,30
r1wjrs4ms,2006-12-01,0.0001,0.0,0.1321,0.5417,0.3139,31
r1wjrs4ms,2007-01-01,0.0002,0.0,0.1369,0.4813,0.368,31
r1wjrs4ms,2007-02-01,0.0,0.0,0.1417,0.4975,0.3481,28
r1wjrs4ms,2007-03-01,0.0,0.0,0.1308,0.4947,0.3631,31
r1wjrs4ms,2007-04-01,0.0,0.0,0.1243,0.4935,0.3654,30
r1wjrs4ms,2007-05-01,0.0008,0.0,0.353,0.3895,0.2429,31
r1wjrs4ms,2007-06-01,0.0008,0.0,0.4869,0.2755,0.1996,30
r1wjrs4ms,2007-07-01,0.0066,0.0488,0.5143,0.2561,0.1618,31
r1wjrs4ms,2007-08-01,0.0002,0.0001,0.4817,0.2957,0.209,31
r1wjrs4ms,2007-09-01,0.0,0.0,0.3702,0.3478,0.2688,30
r1wjrs4ms,2007-10-01,0.0,0.0,0.3008,0.4016,0.2845,31
r1wjrs4ms,2007-11-01,0.0,0.0,0.2429,0.4489,0.295,30
r1wjrs4ms,2007-12-01,0.0,0.0,0.185,0.4962,0.3055,31
r1wjrs4ms,2008-01-01,0.0,0.0,0.1489,0.5226,0.3172,31
r1wjrs4ms,2008-02-01,0.0001,0.0,0.1327,0.5195,0.3292,29
r1wjrs4ms,2008-03-01,0.0004,0.0,0.1307,0.5298,0.3255,31
r1wjrs4ms,2008-04-01,0.0003,0.0,0.1401,0.4948,0.3512,30
r1wjrs4ms,2008-05-01,0.0003,0.0,0.1495,0.4599,0.3769,31
r1wjrs4ms,2008-06-01,0.0002,0.0,0.1589,0.4249,0.4025,30
r1wjrs4ms,2008-07-01,0.0001,0.0,0.1684,0.3899,0.4282,31
r1wjrs4ms,2008-08-01,0.0001,0.0,0.1779,0.3544,0.4543,31
r1wjrs4ms,2008-09-01,0.0,0.0,0.1857,0.3195,0.4799,30
r1wjrs4ms,2008-10-01,0.0,0.0,0.1523,0.3286,0.5053,31
r1wjrs4ms,2008-11-01,0.0,0.0,0.1285,0.3623,0.4968,30
r1wjrs4ms,2008-12-01,0.0003,0.0,0.1568,0.326,0.5037,31
r1wjrs4ms,2009-01-01,0.0003,0.0,0.1599,0.3326,0.4937,31
r1wjrs4ms,2009-02-01,0.0002,0.0,0.1351,0.392,0.459,28
r1wjrs4ms,2009-03-01,0.0001,0.0,0.1103,0.4514,0.4243,31
r1wjrs4ms,2009-04-01,0.0006,0.0001,0.1038,0.4845,0.3977,30
r1wjrs4ms,2009-05-01,0.0,0.0,0.1379,0.4844,0.365,31
r1wjrs4ms,2009-06-01,0.0,0.0,0.1738,0.4412,0.3715,30
r1wjrs4ms,2009-07-01,0.0,0.0,0.2099,0.4024,0.3745,31
r1wjrs4ms,2009-08-01,0.0,0.0,0.2465,0.3629,0.3776,31
r1wjrs4ms,2009-09-01,0.0,0.0,0.2669,0.3415,0.3788,30
r1wjrs4ms,2009-10-01,0.0,0.0,0.2186,0.3993,0.3696,31
r1wjrs4ms,2009-11-01,0.0,0.0,0.1795,0.4376,0.3654,30
r1wjrs4ms,2009-12-01,0.0,0.0,0.1956,0.3528,0.4404,31
r1wjrs4ms,2010-01-01,0.0,0.0,0.1784,0.378,0.431,31
r1wjrs4ms,2010-02-01,0.0,0.0,0.1603,0.4071,0.4194,28
r1wjrs4ms,2010-03-01,0.0,0.0,0.2039,0.3205,0.4632,31
r1wjrs4ms,2010-04-01,0.0,0.0,0.2269,0.3064,0.4544,30
r1wjrs4ms,2010-05-01,0.0,0.0001,0.2407,0.3176,0.4292,31
r1wjrs4ms,2010-06-01,0.0,0.0001,0.2545,0.3289,0.4041,30
r1wjrs4ms,2010-07-01,0.0,0.0002,0.2684,0.3402,0.3789,31
r1wjrs4ms,2010-08-01,0.0,0.0003,0.2824,0.3517,0.3533,31
r1wjrs4ms,2010-09-01,0.0,0.0003,0.2962,0.3629,0.3282,30
r1wjrs4ms,2010-10-01,0.0,0.0004,0.31,0.3742,0.303,31
r1wjrs4ms,2010-11-01,0.0,0.0004,0.3213,0.3855,0.2779,30
r1wjrs4ms,2010-12-01,0.0,0.0004,0.3127,0.4233,0.2511,31
r1wjrs4ms,2011-01-01,0.0184,0.0238,0.3304,0.3848,0.2317,31
r1wjrs4ms,2011-02-01,0.0218,0.0282,0.3394,0.3607,0.2379,28
r1wjrs4ms,2011-03-01,0.0185,0.0243,0.34,0.357,0.248,31
r1wjrs4ms,2011-04-01,0.0152,0.0202,0.3406,0.3532,0.2585,30
r1wjrs4ms,2011-05-01,0.0118,0.0161,0.3412,0.3494,0.2689,31
r1wjrs4ms,2011-06-01,0.0085,0.012,0.3419,0.3455,0.2794,30
r1wjrs4ms,2011-07-01,0.0052,0.008,0.3425,0.3417,0.2899,31
r1wjrs4ms,2011-08-01,0.0018,0.0038,0.3432,0.3378,0.3005,31
r1wjrs4ms,2011-09-01,0.0009,0.0115,0.3264,0.3336,0.3148,30
r1wjrs4ms,2011-10-01,0.0004,0.0044,0.3046,0.3237,0.3635,31
r1wjrs4ms,2011-11-01,0.0,0.0,0.27,0.3531,0.364,30
r1wjrs4ms,2011-12-01,0.0001,0.0,0.2636,0.3596,0.3636,31
r1wjrs4ms,2012-01-01,0.0002,0.0001,0.2572,0.3663,0.3632,31
r1wjrs4ms,2012-02-01,0.0002,0.0001,0.2509,0.3728,0.3628,29
r1wjrs4ms,2012-03-01,0.0003,0.0001,0.2446,0.3793,0.3624,31
r1wjrs4ms,2012-04-01,0.0004,0.0001,0.2382,0.3859,0.362,30
r1wjrs4ms,2012-05-01,0.0005,0.0002,0.2318,0.3924,0.3616,31
r1wjrs4ms,2012-06-01,0.0005,0.0002,0.2255,0.399,0.3612,30
r1wjrs4ms,2012-07-01,0.0006,0.0002,0.2191,0.4056,0.3608,31
r1wjrs4ms,2012-08-01,0.0007,0.0002,0.2126,0.4123,0.3604,31
r1wjrs4ms,2012-09-01,0.0007,0.0002,0.2062,0.4189,0.36,30
r1wjrs4ms,2012-10-01,0.0008,0.0003,0.1998,0.4255,0.3596,31
r1wjrs4ms,2012-11-01,0.0009,0.0003,0.1935,0.4321,0.3592,30
r1wjrs4ms,2012-12-01,0.001,0.0003,0.1871,0.4386,0.3588,31
r1wjrs4ms,2013-01-01,0.001,0.0003,0.1806,0.4453,0.3584,31
r1wjrs4ms,2013-02-01,0.0011,0.0004,0.1744,0.4517,0.358,28
r1wjrs4ms,2013-03-01,0.0012,0.0004,0.1683,0.4581,0.3576,31
r1wjrs4ms,2013-04-01,0.0013,0.0004,0.1638,0.4618,0.3576,30
r1wjrs4ms,2013-05-01,0.0065,0.0004,0.1713,0.4449,0.3663,31
r1wjrs4ms,2013-06-01,0.0086,0.002,0.2284,0.4085,0.3378,30
r1wjrs4ms,2013-07-01,0.0088,0.0043,0.2951,0.324,0.3525,31
r1wjrs4ms,2013-08-01,0.009,0.009,0.369,0.2766,0.321,31
r1wjrs4ms,2013-09-01,0.0091,0.0136,0.4373,0.2333,0.29,30
r1wjrs4ms,2013-10-01,0.0079,0.0104,0.3529,0.3109,0.3025,31
r1wjrs4ms,2013-11-01,0.006,0.0014,0.2435,0.4342,0.3006,30
r1wjrs4ms,2013-12-01,0.0056,0.001,0.1942,0.4642,0.3206,31
r1wjrs4ms,2014-01-01,0.0023,0.0004,0.1751,0.5076,0.3005,31
r1wjrs4ms,2014-02-01,0.0004,0.0004,0.1793,0.5297,0.2764,28
r1wjrs4ms,2014-03-01,0.0004,0.0004,0.208,0.4734,0.3035,31
r1wjrs4ms,2014-04-01,0.0004,0.0004,0.2378,0.4151,0.3222,30
r1wjrs4ms,2014-05-01,0.0007,0.0035,0.4595,0.2623,0.2596,31
r1wjrs4ms,2014-06-01,0.0018,0.0212,0.5661,0.1378,0.2618,30
r1wjrs4ms,2014-07-01,0.0022,0.0384,0.5674,0.1785,0.199,31
r1wjrs4ms,2014-08-01,0.0004,0.0121,0.5428,0.2724,0.1587,31
r1wjrs4ms,2014-09-01,0.0041,0.083,0.4523,0.2968,0.135,30
r1wjrs4ms,2014-10-01,0.0,0.0004,0.3141,0.4754,0.1957,31
r1wjrs4ms,2014-11-01,0.0,0.0,0.2177,0.5608,0.2052,30
r1wjrs4ms,2014-12-01,0.0,0.0,0.1722,0.5606,0.2534,31
r1wjrs4ms,2015-01-01,0.0,0.0,0.1387,0.5615,0.2855,31
r1wjrs4ms,2015-02-01,0.0,0.0003,0.1614,0.6314,0.1946,28
r1wjrs4ms,2015-03-01,0.0,0.0001,0.1458,0.5656,0.2741,31
r1wjrs4ms,2015-04-01,0.0,0.0003,0.148,0.5161,0.3206,30
r1wjrs4ms,2015-05-01,0.0,0.0,0.1665,0.5023,0.3166,31
r1wjrs4ms,2015-06-01,0.0,0.0,0.2123,0.4775,0.2953,30
r1wjrs4ms,2015-07-01,0.0,0.0,0.3018,0.4074,0.2762,31
r1wjrs4ms,2015-08-01,0.0003,0.0,0.3595,0.35,0.2718,31
r1wjrs4ms,2015-09-01,0.0001,0.0,0.3408,0.3558,0.2881,30
r1wjrs4ms,2015-10-01,0.0,0.0,0.2386,0.4671,0.2854,31
r1wjrs4ms,2015-11-01,0.0,0.0,0.1619,0.5191,0.2985,30
r1wjrs4ms,2015-12-01,0.0,0.0,0.1385,0.5809,0.2717,31
r1wjrs4ms,2016-01-01,0.0,0.0,0.1285,0.5946,0.2636,31
r1wjrs4ms,2016-02-01,0.0,0.0,0.1242,0.5651,0.2962,29
r1wjrs4ms,2016-03-01,0.0,0.0,0.1312,0.5572,0.2974,31
r1wjrs4ms,2016-04-01,0.0,0.0,0.1436,0.5101,0.3299,30
r1wjrs4ms,2016-05-01,0.001,0.0172,0.2294,0.4323,0.3052,31
r1wjrs4ms,2016-06-01,0.0024,0.0401,0.341,0.3373,0.2644,30
r1wjrs4ms,2016-07-01,0.0037,0.063,0.4526,0.2422,0.2237,31
r1wjrs4ms,2016-08-01,0.0046,0.0778,0.5285,0.183,0.1856,31
r1wjrs4ms,2016-09-01,0.0032,0.0547,0.4439,0.3053,0.1784,30
r1wjrs4ms,2016-10-01,0.0016,0.028,0.3428,0.4422,0.1712,31
r1wjrs4ms,2016-11-01,0.0001,0.0013,0.2417,0.5791,0.1664,30
r1wjrs4ms,2016-12-01,0.0,0.0,0.1864,0.6124,0.1882,31
r1wjrs4ms,2017-01-01,0.0,0.0,0.1606,0.6279,0.1987,31
r1wjrs4ms,2017-02-01,0.0,0.0,0.1389,0.6412,0.2059,28
r1wjrs4ms,2017-03-01,0.0001,0.0009,0.1498,0.6501,0.1864,31
r1wjrs4ms,2017-04-01,0.0003,0.0049,0.2596,0.5655,0.1562,30
r1wjrs4ms,2017-05-01,0.0078,0.1026,0.4182,0.3183,0.1388,31
r1wjrs4ms,2017-06-01,0.0,0.0034,0.5604,0.2583,0.1512,30
r1wjrs4ms,2017-07-01,0.0,0.0039,0.5484,0.2884,0.1408,31
r1wjrs4ms,2017-08-01,0.0,0.0057,0.5516,0.2877,0.1385,31
r1wjrs4ms,2017-09-01,0.0,0.0012,0.4939,0.3572,0.1336,30
r1wjrs4ms,2017-10-01,0.0,0.0,0.2758,0.56,0.1505,31
r1wjrs4ms,2017-11-01,0.0,0.0,0.1595,0.5973,0.2265,30
r1wjrs4ms,2017-12-01,0.0,0.0006,0.1869,0.5606,0.2359,31
r1wjrs4ms,2018-01-01,0.0,0.0004,0.2124,0.5893,0.1833,31
r1wjrs4ms,2018-02-01,0.0,0.0002,0.1982,0.6027,0.1859,28
r1wjrs4ms,2018-03-01,0.0,0.0,0.1752,0.5936,0.218,31
r1wjrs4ms,2018-04-01,0.0,0.0,0.1706,0.6001,0.215,30
r1wjrs4ms,2018-05-01,0.0,0.0002,0.1905,0.5724,0.2234,31
r1wjrs4ms,2018-06-01,0.0,0.0002,0.2788,0.4946,0.2122,30
r1wjrs4ms,2018-07-01,0.0,0.0,0.3722,0.404,0.2097,31
r1wjrs4ms,2018-08-01,0.0,0.0,0.3535,0.422,0.2098,31
r1wjrs4ms,2018-09-01,0.0,0.0,0.2843,0.4687,0.2327,30
r1wjrs4ms,2018-10-01,0.0,0.0,0.1705,0.5169,0.2981,31
r1wjrs4ms,2018-11-01,0.0,0.0,0.1372,0.4936,0.3537,30
r1wjrs4ms,2018-12-01,0.0,0.0,0.1199,0.4868,0.376,31
r1wjrs4ms,2019-01-01,0.0,0.0,0.1197,0.5484,0.3167,31
r1wjrs4ms,2019-02-01,0.0,0.0,0.127,0.5568,0.2986,28
r1wjrs4ms,2019-03-01,0.0,0.0,0.1228,0.547,0.3151,31
r1wjrs4ms,2019-04-01,0.0,0.0,0.134,0.5531,0.2938,30
r1wjrs4ms,2019-05-01,0.0,0.0,0.2774,0.452,0.2554,31
r1wjrs4ms,2019-06-01,0.0,0.0,0.4224,0.3463,0.2167,30
r1wjrs4ms,2019-07-01,0.0,0.0,0.4012,0.3667,0.2166,31
r1wjrs4ms,2019-08-01,0.0,0.0,0.3569,0.4064,0.2215,31
r1wjrs4ms,2019-09-01,0.0,0.0,0.3133,0.4455,0.2264,30
r1wjrs4ms,2019-10-01,0.0,0.0,0.2501,0.5071,0.2292,31
r1wjrs4ms,2019-11-01,0.0,0.0,0.1758,0.545,0.2652,30
r1wjrs4ms,2019-12-01,0.0,0.0,0.1254,0.5604,0.295,31
r1wjrs4ms,2020-01-01,0.0,0.0,0.0988,0.6397,0.2491,31
r1wjrs4ms,2020-02-01,0.0003,0.0,0.1126,0.5644,0.3077,29
r1wjrs4ms,2020-03-01,0.0,0.0,0.1251,0.5206,0.3311,31
r1wjrs4ms,2020-04-01,0.0,0.0002,0.2673,0.4043,0.3126,30
r1wjrs4ms,2020-05-01,0.0,0.0003,0.4137,0.2862,0.2839,31
r1wjrs4ms,2020-06-01,0.0,0.0003,0.5202,0.2176,0.2472,30
r1wjrs4ms,2020-07-01,0.0,0.0,0.5213,0.2467,0.2171,31
r1wjrs4ms,2020-08-01,0.0,0.0,0.452,0.3001,0.2318,31
r1wjrs4ms,2020-09-01,0.0,0.0,0.3839,0.3526,0.2478,30
r1wjrs4ms,2020-10-01,0.0,0.0,0.3157,0.4051,0.2639,31
r1wjrs4ms,2020-11-01,0.0,0.0,0.2476,0.4576,0.2799,30
r1wjrs4ms,2020-12-01,0.0,0.0,0.1829,0.509,0.2904,31
r1wjrs4ms,2021-01-01,0.0,0.0,0.1755,0.5259,0.2841,31
r1wjrs4ms,2021-02-01,0.0,0.0,0.1574,0.5401,0.2851,28
r1wjrs4ms,2021-03-01,0.0001,0.0,0.1551,0.5687,0.2616,31
r1wjrs4ms,2021-04-01,0.0,0.0,0.1748,0.564,0.2456,30
r1wjrs4ms,2021-05-01,0.0,0.0,0.1696,0.545,0.2691,31
r1wjrs4ms,2021-06-01,0.0,0.0,0.2553,0.5417,0.1879,30
r1wjrs4ms,2021-07-01,0.0,0.0002,0.2953,0.4484,0.2682,31
r1wjrs4ms,2021-08-01,0.0,0.0,0.4245,0.2909,0.266,31
r1wjrs4ms,2021-09-01,0.0,0.0,0.3737,0.3208,0.2899,30
r1wjrs4ms,2021-10-01,0.0,0.0,0.3159,0.3948,0.2856,31
r1wjrs4ms,2021-11-01,0.0,0.0,0.2453,0.4386,0.3013,30
r1wjrs4ms,2021-12-01,0.0003,0.0,0.1926,0.5187,0.278,31
r1wjrs4ms,2022-01-01,0.0002,0.0,0.1799,0.51,0.2956,31
r1wjrs4ms,2022-02-01,0.0,0.0,0.1708,0.5142,0.3034,28
r1wjrs4ms,2022-03-01,0.0002,0.0,0.194,0.491,0.3001,31
r1wjrs4ms,2022-04-01,0.0,0.0,0.2476,0.4378,0.2999,30
r1wjrs4ms,2022-05-01,0.0013,0.0873,0.3296,0.3273,0.241,31
r1wjrs4ms,2022-06-01,0.003,0.2076,0.416,0.1934,0.1671,30
r1wjrs4ms,2022-07-01,0.0,0.0208,0.5652,0.2575,0.1371,31
r1wjrs4ms,2022-08-01,0.0,0.0232,0.5727,0.2481,0.139,31
r1wjrs4ms,2022-09-01,0.0,0.0266,0.5878,0.2186,0.1501,30
r1wjrs4ms,2022-10-01,0.0004,0.0361,0.5812,0.2034,0.1608,31
r1wjrs4ms,2022-11-01,0.0044,0.019,0.4125,0.3723,0.1713,30
r1wjrs4ms,2022-12-01,0.0003,0.0062,0.3391,0.4807,0.159,31
r1wjrs4ms,2023-01-01,0.0,0.0022,0.2995,0.5217,0.1622,31
r1wjrs4ms,2023-02-01,0.0,0.0,0.2665,0.5536,0.1661,28
r1wjrs4ms,2023-03-01,0.0,0.0,0.2734,0.5549,0.159,31
r1wjrs4ms,2023-04-01,0.0,0.0,0.3444,0.472,0.169,30
r1wjrs4ms,2023-05-01,0.0,0.0001,0.4149,0.3909,0.1775,31
r1wjrs4ms,2023-06-01,0.0,0.0011,0.4811,0.3264,0.1752,30
r1wjrs4ms,2023-07-01,0.0,0.0021,0.5445,0.2621,0.1719,31
r1wjrs4ms,2023-08-01,0.0,0.0077,0.5413,0.2623,0.1719,31
r1wjrs4ms,2023-09-01,0.0,0.0084,0.4814,0.321,0.1732,30
r1wjrs4ms,2023-10-01,0.0,0.0028,0.3535,0.453,0.175,31
r1wjrs4ms,2023-11-01,0.0001,0.0,0.2556,0.5616,0.1689,30
r1wjrs4ms,2023-12-01,0.0003,0.0,0.1974,0.5969,0.1923,23
r1wjrvqgz,1986-08-01,0.9356,0.018,0.0182,0.0191,0.0085,6
r1wjrvqgz,1986-09-01,0.9358,0.0181,0.0178,0.0192,0.0085,30
r1wjrvqgz,1986-10-01,0.9363,0.0183,0.0172,0.0193,0.0084,31
r1wjrvqgz,1986-11-01,0.9367,0.0184,0.0166,0.0195,0.0083,30
r1wjrvqgz,1986-12-01,0.9371,0.0186,0.0159,0.0196,0.0082,31
r1wjrvqgz,1987-01-01,0.9376,0.0187,0.0153,0.0198,0.0082,31
r1wjrvqgz,1987-02-01,0.938,0.0189,0.0147,0.0199,0.0081,28
r1wjrvqgz,1987-03-01,0.9384,0.019,0.014,0.02,0.008,31
r1wjrvqgz,1987-04-01,0.9389,0.0192,0.0134,0.0202,0.0079,30
r1wjrvqgz,1987-05-01,0.9393,0.0193,0.0128,0.0203,0.0079,31
r1wjrvqgz,1987-06-01,0.9398,0.0194,0.0121,0.0204,0.0078,30
r1wjrvqgz,1987-07-01,0.9399,0.0194,0.0119,0.0207,0.0077,31
r1wjrvqgz,1987-08-01,0.938,0.0182,0.0141,0.0217,0.0075,31
r1wjrvqgz,1987-09-01,0.9361,0.0171,0.0163,0.0227,0.0074,30
r1wjrvqgz,1987-10-01,0.9337,0.0193,0.0166,0.023,0.0068,31
r1wjrvqgz,1987-11-01,0.9311,0.0229,0.0153,0.0229,0.0062,30
r1wjrvqgz,1987-12-01,0.9328,0.0186,0.014,0.0238,0.009,31
r1wjrvqgz,1988-01-01,0.9317,0.0173,0.0168,0.0234,0.0128,31
r1wjrvqgz,1988-02-01,0.9172,0.0242,0.0147,0.0288,0.0147,29
r1wjrvqgz,1988-03-01,0.9371,0.0203,0.0141,0.0188,0.0093,31
r1wjrvqgz,1988-04-01,0.9322,0.0215,0.016,0.0199,0.0102,30
r1wjrvqgz,1988-05-01,0.9356,0.0216,0.0156,0.0183,0.0085,31
r1wjrvqgz,1988-06-01,0.9396,0.0228,0.0147,0.0158,0.0067,30
r1wjrvqgz,1988-07-01,0.9455,0.0304,0.0104,0.008,0.0039,31
r1wjrvqgz,1988-08-01,0.9519,0.0288,0.0086,0.0071,0.0039,31
r1wjrvqgz,1988-09-01,0.8982,0.0396,0.0203,0.022,0.0194,30
r1wjrvqgz,1988-10-01,0.9113,0.0342,0.0185,0.0199,0.0156,31
r1wjrvqgz,1988-11-01,0.9245,0.0288,0.0167,0.0178,0.0117,30
r1wjrvqgz,1988-12-01,0.9314,0.0251,0.0164,0.017,0.0094,31
r1wjrvqgz,1989-01-01,0.9278,0.0243,0.0188,0.0186,0.0099,31
r1wjrvqgz,1989-02-01,0.9285,0.0205,0.0181,0.0213,0.0109,28
r1wjrvqgz,1989-03-01,0.9283,0.0207,0.0178,0.02,0.0127,31
r1wjrvqgz,1989-04-01,0.9277,0.0217,0.0188,0.0192,0.0121,30
r1wjrvqgz,1989-05-01,0.9276,0.0221,0.0202,0.0196,0.01,31
r1wjrvqgz,1989-06-01,0.9289,0.0211,0.0189,0.0211,0.0094,30
r1wjrvqgz,1989-07-01,0.9327,0.0174,0.0172,0.0215,0.0105,31
r1wjrvqgz,1989-08-01,0.9233,0.0228,0.0181,0.0249,0.0102,31
r1wjrvqgz,1989-09-01,0.891,0.0325,0.0245,0.0295,0.0222,30
r1wjrvqgz,1989-10-01,0.9118,0.0289,0.0211,0.0275,0.0101,31
r1wjrvqgz,1989-11-01,0.9215,0.0237,0.0176,0.027,0.0095,30
r1wjrvqgz,1989-12-01,0.9268,0.021,0.0157,0.0265,0.0093,31
r1wjrvqgz,1990-01-01,0.9215,0.0244,0.0172,0.0263,0.01,31
r1wjrvqgz,1990-02-01,0.9162,0.0277,0.0188,0.026,0.0107,28
r1wjrvqgz,1990-03-01,0.9108,0.031,0.0204,0.0257,0.0114,31
r1wjrvqgz,1990-04-01,0.9196,0.0265,0.0202,0.0229,0.0112,30
r1wjrvqgz,1990-05-01,0.9196,0.0263,0.0216,0.0232,0.0073,31
r1wjrvqgz,1990-06-01,0.9248,0.0341,0.0171,0.0171,0.0061,30
r1wjrvqgz,1990-07-01,0.9352,0.0292,0.0128,0.0146,0.0076,31
r1wjrvqgz,1990-08-01,0.9269,0.0239,0.0174,0.024,0.0072,31
r1wjrvqgz,1990-09-01,0.922,0.0199,0.0199,0.0299,0.0077,30
r1wjrvqgz,1990-10-01,0.9292,0.0205,0.0157,0.0259,0.0077,31
r1wjrvqgz,1990-11-01,0.9169,0.0262,0.0181,0.027,0.0099,30
r1wjrvqgz,1990-12-01,0.9262,0.0256,0.0162,0.0241,0.0077,31
r1wjrvqgz,1991-01-01,0.9315,0.0214,0.0163,0.0183,0.0115,31
r1wjrvqgz,1991-02-01,0.9203,0.0281,0.019,0.0196,0.0125,28
r1wjrvqgz,1991-03-01,0.9128,0.0293,0.0219,0.0229,0.0125,31
r1wjrvqgz,1991-04-01,0.9144,0.0262,0.0225,0.0248,0.0114,30
r1wjrvqgz,1991-05-01,0.9182,0.0289,0.0201,0.0222,0.01,31
r1wjrvqgz,1991-06-01,0.932,0.0302,0.0148,0.0162,0.0062,30
r1wjrvqgz,1991-07-01,0.9198,0.0277,0.0183,0.0245,0.009,31
r1wjrvqgz,1991-08-01,0.9171,0.0276,0.0187,0.0265,0.0095,31
r1wjrvqgz,1991-09-01,0.9195,0.0281,0.0179,0.0257,0.0087,30
r1wjrvqgz,1991-10-01,0.9163,0.0203,0.0209,0.0344,0.0068,31
r1wjrvqgz,1991-11-01,0.917,0.0211,0.0167,0.0377,0.0069,30
r1wjrvqgz,1991-12-01,0.919,0.0227,0.0151,0.0349,0.0077,31
r1wjrvqgz,1992-01-01,0.9232,0.0255,0.0149,0.0261,0.0098,31
r1wjrvqgz,1992-02-01,0.9252,0.0292,0.0144,0.0208,0.0104,29
r1wjrvqgz,1992-03-01,0.9194,0.0209,0.018,0.03,0.0112,31
r1wjrvqgz,1992-04-01,0.9106,0.0296,0.0194,0.0267,0.0126,30
r1wjrvqgz,1992-05-01,0.9085,0.041,0.018,0.0224,0.0097,31
r1wjrvqgz,1992-06-01,0.9096,0.0388,0.0158,0.0273,0.008,30
r1wjrvqgz,1992-07-01,0.9064,0.0314,0.0193,0.0319,0.01,31
r1wjrvqgz,1992-08-01,0.9066,0.0274,0.0198,0.0359,0.0096,31
r1wjrvqgz,1992-09-01,0.9213,0.0257,0.0181,0.0253,0.0095,30
r1wjrvqgz,1992-10-01,0.9147,0.0258,0.0194,0.0294,0.0102,31
r1wjrvqgz,1992-11-01,0.8966,0.025,0.0232,0.0397,0.015,30
r1wjrvqgz,1992-12-01,0.8951,0.0237,0.0275,0.0398,0.0138,31
r1wjrvqgz,1993-01-01,0.901,0.0208,0.031,0.0341,0.0136,31
r1wjrvqgz,1993-02-01,0.8966,0.0305,0.0233,0.0358,0.0138,28
r1wjrvqgz,1993-03-01,0.8986,0.0296,0.0271,0.0319,0.012,31
r1wjrvqgz,1993-04-01,0.8817,0.0266,0.0299,0.0364,0.0232,30
r1wjrvqgz,1993-05-01,0.8052,0.0507,0.0205,0.0383,0.0852,31
r1wjrvqgz,1993-06-01,0.8777,0.0301,0.0189,0.0389,0.0337,30
r1wjrvqgz,1993-07-01,0.9187,0.0262,0.0137,0.0307,0.0101,31
r1wjrvqgz,1993-08-01,0.9208,0.0301,0.0139,0.0257,0.009,31
r1wjrvqgz,1993-09-01,0.9125,0.0321,0.0186,0.0261,0.0101,30
r1wjrvqgz,1993-10-01,0.9054,0.0333,0.0233,0.0265,0.011,31
r1wjrvqgz,1993-11-01,0.9081,0.0249,0.0254,0.029,0.0108,30
r1wjrvqgz,1993-12-01,0.9128,0.0266,0.02,0.0236,0.0155,31
r1wjrvqgz,1994-01-01,0.9191,0.0293,0.0177,0.0208,0.0125,31
r1wjrvqgz,1994-02-01,0.9287,0.0279,0.0163,0.017,0.0098,28
r1wjrvqgz,1994-03-01,0.9223,0.029,0.0207,0.0164,0.0111,31
r1wjrvqgz,1994-04-01,0.9106,0.0327,0.0229,0.0187,0.0139,30
r1wjrvqgz,1994-05-01,0.9197,0.0267,0.0213,0.0206,0.0104,31
r1wjrvqgz,1994-06-01,0.9046,0.032,0.0231,0.0283,0.0112,30
r1wjrvqgz,1994-07-01,0.8942,0.0296,0.0218,0.0392,0.0143,31
r1wjrvqgz,1994-08-01,0.8962,0.0203,0.0161,0.049,0.0174,31
r1wjrvqgz,1994-09-01,0.907,0.0162,0.0131,0.0468,0.0161,30
r1wjrvqgz,1994-10-01,0.9181,0.0171,0.0142,0.0359,0.0132,31
r1wjrvqgz,1994-11-01,0.8921,0.0162,0.0187,0.0433,0.0291,30
r1wjrvqgz,1994-12-01,0.8992,0.0218,0.0211,0.0326,0.0245,31
r1wjrvqgz,1995-01-01,0.9126,0.0313,0.018,0.0181,0.0193,31
r1wjrvqgz,1995-02-01,0.9139,0.0293,0.0194,0.0178,0.0189,28
r1wjrvqgz,1995-03-01,0.9112,0.0303,0.0219,0.0199,0.0161,31
r1wjrvqgz,1995-04-01,0.9124,0.0306,0.0203,0.0207,0.0153,30
r1wjrvqgz,1995-05-01,0.9245,0.0335,0.0166,0.0162,0.0087,31
r1wjrvqgz,1995-06-01,0.9127,0.0357,0.0203,0.0222,0.0082,30
r1wjrvqgz,1995-07-01,0.9108,0.0364,0.0209,0.0215,0.0095,31
r1wjrvqgz,1995-08-01,0.914,0.0392,0.0174,0.0193,0.0094,31
r1wjrvqgz,1995-09-01,0.9059,0.0279,0.0229,0.0281,0.0143,30
r1wjrvqgz,1995-10-01,0.9126,0.0246,0.022,0.0285,0.0115,31
r1wjrvqgz,1995-11-01,0.8767,0.0276,0.0234,0.0459,0.0259,30
r1wjrvqgz,1995-12-01,0.9168,0.0222,0.0197,0.0278,0.0128,31
r1wjrvqgz,1996-01-01,0.9262,0.0219,0.0186,0.0207,0.0124,31
r1wjrvqgz,1996-02-01,0.9199,0.0316,0.0186,0.0174,0.0118,29
r1wjrvqgz,1996-03-01,0.9171,0.0367,0.0169,0.0183,0.0106,31
r1wjrvqgz,1996-04-01,0.9204,0.0327,0.0176,0.0176,0.0099,30
r1wjrvqgz,1996-05-01,0.9154,0.0337,0.0187,0.0205,0.011,31
r1wjrvqgz,1996-06-01,0.9053,0.0368,0.0204,0.0258,0.0109,30
r1wjrvqgz,1996-07-01,0.8862,0.0337,0.0249,0.0381,0.0161,31
r1wjrvqgz,1996-08-01,0.8821,0.028,0.0267,0.0435,0.0185,31
r1wjrvqgz,1996-09-01,0.8893,0.0263,0.0262,0.0404,0.0167,30
r1wjrvqgz,1996-10-01,0.8965,0.0245,0.0257,0.0373,0.0149,31
r1wjrvqgz,1996-11-01,0.9037,0.0228,0.0252,0.0342,0.0131,30
r1wjrvqgz,1996-12-01,0.9137,0.023,0.0206,0.0294,0.0123,31
r1wjrvqgz,1997-01-01,0.9096,0.0237,0.0227,0.0309,0.0133,31
r1wjrvqgz,1997-02-01,0.9238,0.0262,0.0165,0.0196,0.0111,28
r1wjrvqgz,1997-03-01,0.9136,0.0353,0.0188,0.0219,0.0097,31
r1wjrvqgz,1997-04-01,0.918,0.0263,0.0213,0.0215,0.0126,30
r1wjrvqgz,1997-05-01,0.9192,0.0242,0.0224,0.0232,0.0103,31
r1wjrvqgz,1997-06-01,0.918,0.0236,0.0223,0.0263,0.0091,30
r1wjrvqgz,1997-07-01,0.9175,0.0239,0.0185,0.0296,0.0098,31
r1wjrvqgz,1997-08-01,0.9216,0.0205,0.0173,0.0311,0.0091,31
r1wjrvqgz,1997-09-01,0.9218,0.0199,0.0171,0.0308,0.0098,30
r1wjrvqgz,1997-10-01,0.913,0.0163,0.0202,0.0394,0.0104,31
r1wjrvqgz,1997-11-01,0.9124,0.0158,0.0207,0.0395,0.0109,30
r1wjrvqgz,1997-12-01,0.9164,0.0171,0.0196,0.0349,0.0113,31
r1wjrvqgz,1998-01-01,0.9341,0.0193,0.014,0.0199,0.0113,31
r1wjrvqgz,1998-02-01,0.9315,0.021,0.015,0.0188,0.0131,28
r1wjrvqgz,1998-03-01,0.9152,0.0219,0.0211,0.0259,0.0134,31
r1wjrvqgz,1998-04-01,0.9233,0.0235,0.0198,0.0222,0.0106,30
r1wjrvqgz,1998-05-01,0.925,0.025,0.0208,0.0208,0.0077,31
r1wjrvqgz,1998-06-01,0.9286,0.022,0.0182,0.0214,0.009,30
r1wjrvqgz,1998-07-01,0.9227,0.0198,0.0182,0.0275,0.0111,31
r1wjrvqgz,1998-08-01,0.9149,0.0208,0.0197,0.0344,0.0095,31
r1wjrvqgz,1998-09-01,0.9219,0.0202,0.0166,0.0318,0.0089,30
r1wjrvqgz,1998-10-01,0.9251,0.0208,0.0165,0.0262,0.011,31
r1wjrvqgz,1998-11-01,0.9266,0.0218,0.0152,0.0235,0.0126,30
r1wjrvqgz,1998-12-01,0.9187,0.0204,0.0214,0.027,0.0117,31
r1wjrvqgz,1999-01-01,0.9181,0.0207,0.0219,0.025,0.0136,31
r1wjrvqgz,1999-02-01,0.9238,0.0254,0.0178,0.0188,0.0135,28
r1wjrvqgz,1999-03-01,0.922,0.0269,0.0191,0.0176,0.0138,31
r1wjrvqgz,1999-04-01,0.9195,0.0306,0.0176,0.0186,0.0131,30
r1wjrvqgz,1999-05-01,0.9105,0.0264,0.0202,0.0284,0.0137,31
r1wjrvqgz,1999-06-01,0.9122,0.0222,0.02,0.0318,0.0129,30
r1wjrvqgz,1999-07-01,0.9077,0.0252,0.0213,0.0347,0.0108,31
r1wjrvqgz,1999-08-01,0.9128,0.0235,0.0214,0.0337,0.0085,31
r1wjrvqgz,1999-09-01,0.9178,0.0244,0.0192,0.0291,0.0088,30
r1wjrvqgz,1999-10-01,0.9228,0.0257,0.0171,0.0244,0.0095,31
r1wjrvqgz,1999-11-01,0.9238,0.0239,0.0182,0.0236,0.0099,30
r1wjrvqgz,1999-12-01,0.9225,0.0262,0.019,0.0215,0.01,31
r1wjrvqgz,2000-01-01,0.9137,0.0285,0.0216,0.0252,0.0116,31
r1wjrvqgz,2000-02-01,0.924,0.0253,0.0186,0.0214,0.01,29
r1wjrvqgz,2000-03-01,0.7369,0.1114,0.0236,0.0408,0.0875,31
r1wjrvqgz,2000-04-01,0.9214,0.028,0.0192,0.0208,0.0102,30
r1wjrvqgz,2000-05-01,0.9196,0.0274,0.0209,0.0213,0.0101,31
r1wjrvqgz,2000-06-01,0.9079,0.0263,0.0222,0.0317,0.0112,30
r1wjrvqgz,2000-07-01,0.8983,0.0243,0.0209,0.0422,0.0138,31
r1wjrvqgz,2000-08-01,0.9068,0.0218,0.0179,0.0403,0.0123,31
r1wjrvqgz,2000-09-01,0.9196,0.0202,0.0156,0.0347,0.0097,30
r1wjrvqgz,2000-10-01,0.9205,0.0223,0.0168,0.031,0.0088,31
r1wjrvqgz,2000-11-01,0.9213,0.0247,0.0182,0.0273,0.0078,30
r1wjrvqgz,2000-12-01,0.9203,0.0258,0.0199,0.0237,0.0106,31
r1wjrvqgz,2001-01-01,0.9118,0.0286,0.0211,0.0263,0.0114,31
r1wjrvqgz,2001-02-01,0.9104,0.0263,0.0252,0.0238,0.0132,28
r1wjrvqgz,2001-03-01,0.9007,0.0307,0.0293,0.0255,0.0132,31
r1wjrvqgz,2001-04-01,0.9103,0.0294,0.0243,0.024,0.0113,30
r1wjrvqgz,2001-05-01,0.9106,0.021,0.0246,0.0283,0.0147,31
r1wjrvqgz,2001-06-01,0.8931,0.0116,0.0254,0.0474,0.0213,30
r1wjrvqgz,2001-07-01,0.8924,0.012,0.0243,0.0483,0.0218,31
r1wjrvqgz,2001-08-01,0.8994,0.0169,0.0222,0.041,0.0194,31
r1wjrvqgz,2001-09-01,0.9063,0.0217,0.0202,0.0339,0.0171,30
r1wjrvqgz,2001-10-01,0.9132,0.0266,0.0182,0.0267,0.0147,31
r1wjrvqgz,2001-11-01,0.9196,0.0314,0.0165,0.0195,0.0124,30
r1wjrvqgz,2001-12-01,0.9193,0.0327,0.0171,0.0187,0.0113,31
r1wjrvqgz,2002-01-01,0.9277,0.029,0.0159,0.0166,0.0098,31
r1wjrvqgz,2002-02-01,0.9167,0.0402,0.0166,0.017,0.0091,28
r1wjrvqgz,2002-03-01,0.9011,0.0437,0.0218,0.0199,0.0124,31
r1wjrvqgz,2002-04-01,0.9125,0.0383,0.0196,0.0188,0.0105,30
r1wjrvqgz,2002-05-01,0.9081,0.034,0.0195,0.0257,0.0119,31
r1wjrvqgz,2002-06-01,0.8911,0.0306,0.0213,0.0381,0.0179,30
r1wjrvqgz,2002-07-01,0.8789,0.0244,0.0225,0.0445,0.0275,31
r1wjrvqgz,2002-08-01,0.886,0.0201,0.0174,0.0589,0.0183,31
r1wjrvqgz,2002-09-01,0.8933,0.0137,0.0122,0.0593,0.0206,30
r1wjrvqgz,2002-10-01,0.9163,0.0139,0.0133,0.0398,0.0152,31
r1wjrvqgz,2002-11-01,0.9357,0.0117,0.0127,0.0274,0.0118,30
r1wjrvqgz,2002-12-01,0.9495,0.0091,0.0118,0.0171,0.0101,31
r1wjrvqgz,2003-01-01,0.928,0.0197,0.0197,0.0199,0.0136,31
r1wjrvqgz,2003-02-01,0.9205,0.0365,0.0146,0.0192,0.0086,28
r1wjrvqgz,2003-03-01,0.912,0.0305,0.0211,0.0211,0.015,31
r1wjrvqgz,2003-04-01,0.9002,0.0289,0.0234,0.0294,0.0171,30
r1wjrvqgz,2003-05-01,0.8918,0.0262,0.0262,0.0383,0.0163,31
r1wjrvqgz,2003-06-01,0.8877,0.0244,0.0258,0.044,0.017,30
r1wjrvqgz,2003-07-01,0.8871,0.0235,0.0226,0.047,0.0188,31
r1wjrvqgz,2003-08-01,0.8907,0.0228,0.0209,0.047,0.0179,31
r1wjrvqgz,2003-09-01,0.8991,0.0223,0.0209,0.0432,0.0138,30
r1wjrvqgz,2003-10-01,0.9058,0.0226,0.021,0.0392,0.0103,31
r1wjrvqgz,2003-11-01,0.9049,0.0285,0.0212,0.0342,0.0104,30
r1wjrvqgz,2003-12-01,0.9036,0.0344,0.0214,0.0292,0.0106,31
r1wjrvqgz,2004-01-01,0.9023,0.0403,0.0217,0.0242,0.0108,31
r1wjrvqgz,2004-02-01,0.9016,0.0428,0.0222,0.0205,0.0123,29
r1wjrvqgz,2004-03-01,0.9014,0.042,0.0227,0.0188,0.0145,31
r1wjrvqgz,2004-04-01,0.8951,0.0447,0.024,0.0226,0.0129,30
r1wjrvqgz,2004-05-01,0.887,0.0353,0.0267,0.0338,0.0162,31
r1wjrvqgz,2004-06-01,0.8783,0.0256,0.0287,0.0467,0.0195,30
r1wjrvqgz,2004-07-01,0.8871,0.0227,0.0259,0.0483,0.014,31
r1wjrvqgz,2004-08-01,0.8766,0.0181,0.027,0.063,0.0147,31
r1wjrvqgz,2004-09-01,0.8878,0.0207,0.0218,0.0519,0.0169,30
r1wjrvqgz,2004-10-01,0.9051,0.0234,0.0188,0.0357,0.0157,31
r1wjrvqgz,2004-11-01,0.9208,0.0147,0.0196,0.0303,0.0141,30
r1wjrvqgz,2004-12-01,0.9222,0.0189,0.0242,0.0237,0.011,31
r1wjrvqgz,2005-01-01,0.9024,0.0279,0.0281,0.027,0.0121,31
r1wjrvqgz,2005-02-01,0.9015,0.0361,0.0259,0.0234,0.0122,28
r1wjrvqgz,2005-03-01,0.9031,0.0382,0.0249,0.021,0.0125,31
r1wjrvqgz,2005-04-01,0.8959,0.0333,0.029,0.0269,0.014,30
r1wjrvqgz,2005-05-01,0.8945,0.0295,0.03,0.0294,0.0155,31
r1wjrvqgz,2005-06-01,0.8919,0.0321,0.026,0.0323,0.0167,30
r1wjrvqgz,2005-07-01,0.8906,0.0267,0.0235,0.0383,0.0198,31
r1wjrvqgz,2005-08-01,0.8985,0.0226,0.0199,0.0392,0.0189,31
r1wjrvqgz,2005-09-01,0.9085,0.0244,0.0192,0.0326,0.0146,30
r1wjrvqgz,2005-10-01,0.9107,0.0277,0.0203,0.0288,0.012,31
r1wjrvqgz,2005-11-01,0.905,0.0328,0.0216,0.0286,0.0112,30
r1wjrvqgz,2005-12-01,0.8994,0.0379,0.023,0.0285,0.0105,31
r1wjrvqgz,2006-01-01,0.8942,0.0425,0.0244,0.0283,0.0099,31
r1wjrvqgz,2006-02-01,0.8991,0.0409,0.0245,0.0222,0.0128,28
r1wjrvqgz,2006-03-01,0.901,0.0391,0.025,0.0215,0.0128,31
r1wjrvqgz,2006-04-01,0.8944,0.0382,0.0261,0.0237,0.0172,30
r1wjrvqgz,2006-05-01,0.8996,0.0336,0.0257,0.0243,0.016,31
r1wjrvqgz,2006-06-01,0.9035,0.0287,0.0226,0.03,0.0144,30
r1wjrvqgz,2006-07-01,0.9031,0.0251,0.0209,0.0349,0.0151,31
r1wjrvqgz,2006-08-01,0.9025,0.0213,0.0192,0.0398,0.0162,31
r1wjrvqgz,2006-09-01,0.9006,0.0175,0.0199,0.0427,0.0184,30
r1wjrvqgz,2006-10-01,0.8988,0.0192,0.0226,0.0391,0.0189,31
r1wjrvqgz,2006-11-01,0.9058,0.0262,0.0208,0.0278,0.0183,30
r1wjrvqgz,2006-12-01,0.9031,0.0248,0.0251,0.0311,0.0165,31
r1wjrvqgz,2007-01-01,0.9111,0.0269,0.0223,0.0196,0.0173,31
r1wjrvqgz,2007-02-01,0.8895,0.0281,0.0315,0.0328,0.0162,28
r1wjrvqgz,2007-03-01,0.8878,0.0257,0.0294,0.0344,0.0209,31
r1wjrvqgz,2007-04-01,0.8902,0.0235,0.0276,0.0393,0.0188,30
r1wjrvqgz,2007-05-01,0.9045,0.0252,0.0197,0.0358,0.014,31
r1wjrvqgz,2007-06-01,0.9212,0.0223,0.0165,0.0258,0.0136,30
r1wjrvqgz,2007-07-01,0.9317,0.0263,0.013,0.0181,0.0104,31
r1wjrvqgz,2007-08-01,0.9238,0.0262,0.0149,0.0207,0.0137,31
r1wjrvqgz,2007-09-01,0.9255,0.0188,0.0158,0.0272,0.012,30
r1wjrvqgz,2007-10-01,0.9223,0.0202,0.0167,0.0283,0.0118,31
r1wjrvqgz,2007-11-01,0.9163,0.019,0.0189,0.0327,0.0124,30
r1wjrvqgz,2007-12-01,0.9102,0.0179,0.021,0.037,0.013,31
r1wjrvqgz,2008-01-01,0.9029,0.0172,0.0245,0.0399,0.014,31
r1wjrvqgz,2008-02-01,0.8962,0.0248,0.0248,0.0389,0.0147,29
r1wjrvqgz,2008-03-01,0.9046,0.0241,0.021,0.0371,0.0124,31
r1wjrvqgz,2008-04-01,0.9062,0.0229,0.0204,0.0362,0.0134,30
r1wjrvqgz,2008-05-01,0.9078,0.0218,0.0198,0.0354,0.0144,31
r1wjrvqgz,2008-06-01,0.9095,0.0206,0.0192,0.0345,0.0154,30
r1wjrvqgz,2008-07-01,0.9111,0.0195,0.0186,0.0336,0.0164,31
r1wjrvqgz,2008-08-01,0.9128,0.0183,0.018,0.0327,0.0174,31
r1wjrvqgz,2008-09-01,0.9141,0.0172,0.0175,0.0318,0.0184,30
r1wjrvqgz,2008-10-01,0.9057,0.0165,0.0205,0.0344,0.022,31
r1wjrvqgz,2008-11-01,0.892,0.0178,0.0242,0.0408,0.0247,30
r1wjrvqgz,2008-12-01,0.8956,0.0208,0.026,0.0338,0.023,31
r1wjrvqgz,2009-01-01,0.903,0.0228,0.0239,0.0287,0.0208,31
r1wjrvqgz,2009-02-01,0.9163,0.0255,0.0183,0.023,0.0163,28
r1wjrvqgz,2009-03-01,0.9255,0.0281,0.0143,0.0188,0.0128,31
r1wjrvqgz,2009-04-01,0.9078,0.0312,0.0206,0.026,0.0125,30
r1wjrvqgz,2009-05-01,0.9114,0.0275,0.0213,0.0273,0.0118,31
r1wjrvqgz,2009-06-01,0.9107,0.0247,0.0219,0.0288,0.0132,30
r1wjrvqgz,2009-07-01,0.9141,0.0238,0.0203,0.0275,0.0135,31
r1wjrvqgz,2009-08-01,0.9176,0.023,0.0186,0.0262,0.0139,31
r1wjrvqgz,2009-09-01,0.9209,0.0226,0.0175,0.0245,0.014,30
r1wjrvqgz,2009-10-01,0.9223,0.025,0.0181,0.021,0.0124,31
r1wjrvqgz,2009-11-01,0.9144,0.0373,0.0173,0.0188,0.0123,30
r1wjrvqgz,2009-12-01,0.9064,0.0396,0.0219,0.0179,0.0134,31
r1wjrvqgz,2010-01-01,0.9086,0.0392,0.02,0.0168,0.0148,31
r1wjrvqgz,2010-02-01,0.911,0.0385,0.0179,0.016,0.0162,28
r1wjrvqgz,2010-03-01,0.905,0.0359,0.024,0.0184,0.0161,31
r1wjrvqgz,2010-04-01,0.9045,0.0349,0.0256,0.0187,0.0156,30
r1wjrvqgz,2010-05-01,0.906,0.0343,0.0257,0.0183,0.015,31
r1wjrvqgz,2010-06-01,0.9075,0.0338,0.0257,0.0179,0.0143,30
r1wjrvqgz,2010-07-01,0.909,0.0333,0.0258,0.0175,0.0137,31
r1wjrvqgz,2010-08-01,0.9106,0.0327,0.0258,0.0171,0.0131,31
r1wjrvqgz,2010-09-01,0.9121,0.0322,0.0259,0.0167,0.0125,30
r1wjrvqgz,2010-10-01,0.9136,0.0316,0.026,0.0163,0.0118,31
r1wjrvqgz,2010-11-01,0.9145,0.0313,0.026,0.0161,0.0112,30
r1wjrvqgz,2010-12-01,0.8756,0.0494,0.0399,0.0233,0.0108,31
r1wjrvqgz,2011-01-01,0.8519,0.0638,0.049,0.0259,0.0076,31
r1wjrvqgz,2011-02-01,0.8586,0.0606,0.0466,0.0258,0.0074,28
r1wjrvqgz,2011-03-01,0.8658,0.0547,0.0435,0.0267,0.0083,31
r1wjrvqgz,2011-04-01,0.8734,0.0486,0.0402,0.0276,0.0092,30
r1wjrvqgz,2011-05-01,0.8809,0.0426,0.037,0.0284,0.0102,31
r1wjrvqgz,2011-06-01,0.8884,0.0365,0.0338,0.0293,0.0111,30
r1wjrvqgz,2011-07-01,0.8959,0.0304,0.0305,0.0302,0.012,31
r1wjrvqgz,2011-08-01,0.9036,0.0243,0.0272,0.0311,0.013,31
r1wjrvqgz,2011-09-01,0.9095,0.0246,0.0242,0.0276,0.0134,30
r1wjrvqgz,2011-10-01,0.9136,0.0302,0.0217,0.0193,0.0133,31
r1wjrvqgz,2011-11-01,0.9216,0.0258,0.0223,0.0165,0.0132,30
r1wjrvqgz,2011-12-01,0.9224,0.0261,0.0219,0.0161,0.0129,31
r1wjrvqgz,2012-01-01,0.9232,0.0263,0.0215,0.0157,0.0126,31
r1wjrvqgz,2012-02-01,0.924,0.0266,0.0212,0.0153,0.0123,29
r1wjrvqgz,2012-03-01,0.9248,0.0269,0.0208,0.015,0.012,31
r1wjrvqgz,2012-04-01,0.9256,0.0271,0.0204,0.0146,0.0117,30
r1wjrvqgz,2012-05-01,0.9264,0.0274,0.02,0.0142,0.0114,31
r1wjrvqgz,2012-06-01,0.9272,0.0277,0.0197,0.0138,0.0111,30
r1wjrvqgz,2012-07-01,0.928,0.0279,0.0193,0.0134,0.0108,31
r1wjrvqgz,2012-08-01,0.9288,0.0282,0.0189,0.0131,0.0104,31
r1wjrvqgz,2012-09-01,0.9296,0.0285,0.0185,0.0127,0.0101,30
r1wjrvqgz,2012-10-01,0.9304,0.0287,0.0182,0.0123,0.0098,31
r1wjrvqgz,2012-11-01,0.9312,0.029,0.0178,0.0119,0.0095,30
r1wjrvqgz,2012-12-01,0.932,0.0293,0.0174,0.0115,0.0092,31
r1wjrvqgz,2013-01-01,0.9328,0.0295,0.017,0.0111,0.0089,31
r1wjrvqgz,2013-02-01,0.9336,0.0298,0.0167,0.0108,0.0086,28
r1wjrvqgz,2013-03-01,0.9344,0.0301,0.0163,0.0104,0.0083,31
r1wjrvqgz,2013-04-01,0.9346,0.0305,0.0161,0.0102,0.0081,30
r1wjrvqgz,2013-05-01,0.9136,0.0426,0.0192,0.0161,0.0081,31
r1wjrvqgz,2013-06-01,0.9275,0.0314,0.0153,0.0159,0.008,30
r1wjrvqgz,2013-07-01,0.928,0.0271,0.0145,0.0206,0.0092,31
r1wjrvqgz,2013-08-01,0.9332,0.0249,0.0137,0.0196,0.008,31
r1wjrvqgz,2013-09-01,0.9383,0.0232,0.0129,0.0187,0.007,30
r1wjrvqgz,2013-10-01,0.9369,0.0313,0.0122,0.0131,0.0061,31
r1wjrvqgz,2013-11-01,0.9298,0.0315,0.0153,0.0155,0.0073,30
r1wjrvqgz,2013-12-01,0.9271,0.033,0.0166,0.0148,0.008,31
r1wjrvqgz,2014-01-01,0.9201,0.0355,0.0193,0.0154,0.0083,31
r1wjrvqgz,2014-02-01,0.9168,0.0364,0.0206,0.0176,0.0078,28
r1wjrvqgz,2014-03-01,0.9159,0.0406,0.0197,0.0153,0.0078,31
r1wjrvqgz,2014-04-01,0.9152,0.044,0.0189,0.0129,0.0078,30
r1wjrvqgz,2014-05-01,0.9166,0.0411,0.0203,0.014,0.0074,31
r1wjrvqgz,2014-06-01,0.9093,0.0393,0.0225,0.0181,0.0099,30
r1wjrvqgz,2014-07-01,0.9138,0.0347,0.0201,0.0219,0.0086,31
r1wjrvqgz,2014-08-01,0.9252,0.0268,0.0153,0.0247,0.0074,31
r1wjrvqgz,2014-09-01,0.9252,0.0267,0.0156,0.0245,0.0074,30
r1wjrvqgz,2014-10-01,0.9283,0.0262,0.0156,0.0221,0.0073,31
r1wjrvqgz,2014-11-01,0.9308,0.027,0.0154,0.0188,0.0074,30
r1wjrvqgz,2014-12-01,0.9276,0.0304,0.0169,0.0161,0.0084,31
r1wjrvqgz,2015-01-01,0.9208,0.0337,0.0197,0.0162,0.0089,31
r1wjrvqgz,2015-02-01,0.9151,0.043,0.0196,0.0163,0.0068,28
r1wjrvqgz,2015-03-01,0.9073,0.046,0.0212,0.0154,0.0095,31
r1wjrvqgz,2015-04-01,0.9118,0.0438,0.0199,0.0139,0.0099,30
r1wjrvqgz,2015-05-01,0.908,0.0451,0.0192,0.0152,0.0112,31
r1wjrvqgz,2015-06-01,0.9081,0.0379,0.0203,0.0226,0.0102,30
r1wjrvqgz,2015-07-01,0.9079,0.0328,0.0184,0.0295,0.0106,31
r1wjrvqgz,2015-08-01,0.9143,0.026,0.0177,0.0309,0.0098,31
r1wjrvqgz,2015-09-01,0.9129,0.0255,0.0197,0.0312,0.0099,30
r1wjrvqgz,2015-10-01,0.9155,0.0274,0.0206,0.0273,0.0088,31
r1wjrvqgz,2015-11-01,0.919,0.0292,0.0198,0.0214,0.0095,30
r1wjrvqgz,2015-12-01,0.9155,0.0282,0.0236,0.0232,0.0093,31
r1wjrvqgz,2016-01-01,0.9094,0.0294,0.0267,0.0234,0.0098,31
r1wjrvqgz,2016-02-01,0.904,0.0366,0.0281,0.0203,0.0103,29
r1wjrvqgz,2016-03-01,0.9008,0.0421,0.0289,0.0176,0.0098,31
r1wjrvqgz,2016-04-01,0.9076,0.0374,0.0269,0.0142,0.0131,30
r1wjrvqgz,2016-05-01,0.91,0.0346,0.0261,0.0149,0.0135,31
r1wjrvqgz,2016-06-01,0.9097,0.0339,0.0261,0.0164,0.013,30
r1wjrvqgz,2016-07-01,0.9094,0.0332,0.0261,0.0178,0.0125,31
r1wjrvqgz,2016-08-01,0.9091,0.0325,0.0261,0.0193,0.012,31
r1wjrvqgz,2016-09-01,0.9089,0.0318,0.0261,0.0208,0.0115,30
r1wjrvqgz,2016-10-01,0.9086,0.0311,0.0261,0.0222,0.011,31
r1wjrvqgz,2016-11-01,0.9083,0.0306,0.0261,0.0232,0.0106,30
r1wjrvqgz,2016-12-01,0.908,0.0401,0.0241,0.0175,0.0096,31
r1wjrvqgz,2017-01-01,0.9089,0.0416,0.0239,0.0156,0.0092,31
r1wjrvqgz,2017-02-01,0.9097,0.0421,0.0239,0.0143,0.009,28
r1wjrvqgz,2017-03-01,0.9041,0.0532,0.0218,0.0133,0.0076,31
r1wjrvqgz,2017-04-01,0.9164,0.0593,0.0124,0.0074,0.0039,30
r1wjrvqgz,2017-05-01,0.9198,0.0534,0.013,0.0091,0.0042,31
r1wjrvqgz,2017-06-01,0.9178,0.0417,0.0184,0.0148,0.0066,30
r1wjrvqgz,2017-07-01,0.9111,0.0356,0.0197,0.0231,0.0096,31
r1wjrvqgz,2017-08-01,0.9068,0.0321,0.0203,0.0294,0.011,31
r1wjrvqgz,2017-09-01,0.9068,0.0293,0.0209,0.0339,0.0097,30
r1wjrvqgz,2017-10-01,0.9002,0.0332,0.025,0.0314,0.0093,31
r1wjrvqgz,2017-11-01,0.8965,0.0395,0.0268,0.0247,0.0115,30
r1wjrvqgz,2017-12-01,0.9005,0.044,0.026,0.0184,0.01,31
r1wjrvqgz,2018-01-01,0.9018,0.0416,0.0286,0.0188,0.0083,31
r1wjrvqgz,2018-02-01,0.8989,0.04,0.0293,0.0203,0.0103,28
r1wjrvqgz,2018-03-01,0.8953,0.0516,0.0261,0.0163,0.0098,31
r1wjrvqgz,2018-04-01,0.8967,0.049,0.0261,0.0173,0.0096,30
r1wjrvqgz,2018-05-01,0.9015,0.049,0.0225,0.017,0.0091,31
r1wjrvqgz,2018-06-01,0.9077,0.0432,0.02,0.019,0.0092,30
r1wjrvqgz,2018-07-01,0.8998,0.0291,0.0209,0.0334,0.0149,31
r1wjrvqgz,2018-08-01,0.9012,0.0266,0.0187,0.0387,0.0139,31
r1wjrvqgz,2018-09-01,0.905,0.0243,0.0168,0.041,0.0126,30
r1wjrvqgz,2018-10-01,0.9087,0.0262,0.0177,0.034,0.0125,31
r1wjrvqgz,2018-11-01,0.916,0.0255,0.0185,0.0258,0.0135,30
r1wjrvqgz,2018-12-01,0.9231,0.0243,0.0191,0.0199,0.0125,31
r1wjrvqgz,2019-01-01,0.9119,0.0284,0.0252,0.0211,0.0125,31
r1wjrvqgz,2019-02-01,0.8995,0.0386,0.027,0.02,0.0131,28
r1wjrvqgz,2019-03-01,0.8976,0.0388,0.0282,0.0208,0.0137,31
r1wjrvqgz,2019-04-01,0.8967,0.0425,0.0277,0.0208,0.0119,30
r1wjrvqgz,2019-05-01,0.9061,0.0428,0.0218,0.019,0.0095,31
r1wjrvqgz,2019-06-01,0.9163,0.0429,0.0158,0.0176,0.0072,30
r1wjrvqgz,2019-07-01,0.9165,0.0377,0.0161,0.0212,0.0078,31
r1wjrvqgz,2019-08-01,0.9153,0.0317,0.0173,0.0261,0.0089,31
r1wjrvqgz,2019-09-01,0.9142,0.0257,0.0185,0.0309,0.01,30
r1wjrvqgz,2019-10-01,0.9092,0.0211,0.0201,0.0374,0.0113,31
r1wjrvqgz,2019-11-01,0.9049,0.0264,0.0216,0.0339,0.0123,30
r1wjrvqgz,2019-12-01,0.9065,0.0327,0.0225,0.0246,0.0127,31
r1wjrvqgz,2020-01-01,0.9103,0.0322,0.0232,0.0206,0.0129,31
r1wjrvqgz,2020-02-01,0.904,0.0441,0.0223,0.0189,0.011,29
r1wjrvqgz,2020-03-01,0.9016,0.0444,0.0241,0.0173,0.0118,31
r1wjrvqgz,2020-04-01,0.9049,0.043,0.023,0.0175,0.0108,30
r1wjrvqgz,2020-05-01,0.9092,0.0413,0.0213,0.0178,0.0095,31
r1wjrvqgz,2020-06-01,0.9101,0.0349,0.0214,0.0231,0.0097,30
r1wjrvqgz,2020-07-01,0.9057,0.0248,0.024,0.0325,0.012,31
r1wjrvqgz,2020-08-01,0.9048,0.0268,0.0242,0.0308,0.0123,31
r1wjrvqgz,2020-09-01,0.9039,0.0292,0.0245,0.0288,0.0126,30
r1wjrvqgz,2020-10-01,0.903,0.0315,0.0247,0.0269,0.0129,31
r1wjrvqgz,2020-11-01,0.9021,0.0338,0.025,0.0249,0.0132,30
r1wjrvqgz,2020-12-01,0.9017,0.0362,0.0251,0.0227,0.0136,31
r1wjrvqgz,2021-01-01,0.9048,0.0332,0.0268,0.0211,0.0131,31
r1wjrvqgz,2021-02-01,0.9028,0.0334,0.0283,0.0218,0.0126,28
r1wjrvqgz,2021-03-01,0.9016,0.0419,0.0243,0.0198,0.0115,31
r1wjrvqgz,2021-04-01,0.9054,0.045,0.0209,0.0175,0.0103,30
r1wjrvqgz,2021-05-01,0.9057,0.0396,0.0214,0.0217,0.011,31
r1wjrvqgz,2021-06-01,0.9115,0.0364,0.0197,0.0227,0.0091,30
r1wjrvqgz,2021-07-01,0.9119,0.0251,0.0192,0.0327,0.0102,31
r1wjrvqgz,2021-08-01,0.9117,0.0246,0.0164,0.0364,0.0099,31
r1wjrvqgz,2021-09-01,0.9094,0.0272,0.0182,0.0328,0.0116,30
r1wjrvqgz,2021-10-01,0.9071,0.0299,0.0202,0.0287,0.0133,31
r1wjrvqgz,2021-11-01,0.9032,0.0321,0.0228,0.0279,0.0131,30
r1wjrvqgz,2021-12-01,0.9034,0.0329,0.0246,0.0251,0.0122,31
r1wjrvqgz,2022-01-01,0.9001,0.0348,0.028,0.0223,0.0138,31
r1wjrvqgz,2022-02-01,0.8992,0.0357,0.0295,0.0209,0.014,28
r1wjrvqgz,2022-03-01,0.8963,0.0454,0.027,0.0179,0.0125,31
r1wjrvqgz,2022-04-01,0.8989,0.0459,0.0241,0.018,0.0122,30
r1wjrvqgz,2022-05-01,0.911,0.0433,0.0187,0.0167,0.0096,31
r1wjrvqgz,2022-06-01,0.9255,0.0406,0.0125,0.0147,0.0064,30
r1wjrvqgz,2022-07-01,0.9072,0.0291,0.0216,0.0334,0.0089,31
r1wjrvqgz,2022-08-01,0.906,0.0262,0.0228,0.0352,0.0089,31
r1wjrvqgz,2022-09-01,0.9034,0.0243,0.0247,0.0374,0.0092,30
r1wjrvqgz,2022-10-01,0.8957,0.0263,0.0292,0.0364,0.0114,31
r1wjrvqgz,2022-11-01,0.8707,0.0443,0.0368,0.0347,0.0133,30
r1wjrvqgz,2022-12-01,0.8873,0.035,0.0391,0.0264,0.0109,31
r1wjrvqgz,2023-01-01,0.8915,0.0339,0.0407,0.0233,0.0094,31
r1wjrvqgz,2023-02-01,0.8834,0.0389,0.0438,0.0224,0.0101,28
r1wjrvqgz,2023-03-01,0.886,0.046,0.0377,0.0195,0.0092,31
r1wjrvqgz,2023-04-01,0.8957,0.0438,0.0325,0.018,0.009,30
r1wjrvqgz,2023-05-01,0.9045,0.041,0.0276,0.0172,0.0089,31
r1wjrvqgz,2023-06-01,0.9049,0.0368,0.0262,0.021,0.0101,30
r1wjrvqgz,2023-07-01,0.9051,0.0326,0.0252,0.0249,0.0113,31
r1wjrvqgz,2023-08-01,0.902,0.0284,0.0262,0.0307,0.0116,31
r1wjrvqgz,2023-09-01,0.8996,0.0259,0.0292,0.0329,0.0113,30
r1wjrvqgz,2023-10-01,0.8981,0.0256,0.0338,0.0306,0.0106,31
r1wjrvqgz,2023-11-01,0.8928,0.0365,0.033,0.0254,0.0112,30
r1wjrvqgz,2023-12-01,0.8923,0.0386,0.0333,0.0228,0.0118,23
r1wjxdu30,1986-08-01,0.9741,0.0098,0.0063,0.0059,0.0037,6
r1wjxdu30,1986-09-01,0.9741,0.0097,0.0063,0.0061,0.0037,30
r1wjxdu30,1986-10-01,0.9742,0.0096,0.0062,0.0063,0.0036,31
r1wjxdu30,1986-11-01,0.9742,0.0094,0.0061,0.0065,0.0036,30
r1wjxdu30,1986-12-01,0.9742,0.0093,0.006,0.0068,0.0036,31
r1wjxdu30,1987-01-01,0.9743,0.0091,0.0058,0.007,0.0035,31
r1wjxdu30,1987-02-01,0.9743,0.009,0.0057,0.0073,0.0035,28
r1wjxdu30,1987-03-01,0.9743,0.0089,0.0057,0.0075,0.0035,31
r1wjxdu30,1987-04-01,0.9744,0.0087,0.0055,0.0077,0.0034,30
r1wjxdu30,1987-05-01,0.9744,0.0086,0.0054,0.008,0.0034,31
r1wjxdu30,1987-06-01,0.9744,0.0084,0.0053,0.0082,0.0034,30
r1wjxdu30,1987-07-01,0.9744,0.0084,0.0053,0.0084,0.0034,31
r1wjxdu30,1987-08-01,0.9735,0.0085,0.0059,0.0085,0.0034,31
r1wjxdu30,1987-09-01,0.9727,0.0087,0.0065,0.0085,0.0034,30
r1wjxdu30,1987-10-01,0.9721,0.0083,0.0065,0.0096,0.0033,31
r1wjxdu30,1987-11-01,0.9718,0.0073,0.006,0.0117,0.0031,30
r1wjxdu30,1987-12-01,0.9718,0.0067,0.0049,0.0123,0.004,31
r1wjxdu30,1988-01-01,0.9709,0.007,0.0062,0.0098,0.0058,31
r1wjxdu30,1988-02-01,0.9722,0.0082,0.0051,0.0099,0.0043,29
r1wjxdu30,1988-03-01,0.9728,0.0085,0.0049,0.0097,0.0039,31
r1wjxdu30,1988-04-01,0.9732,0.009,0.0049,0.0089,0.0039,30
r1wjxdu30,1988-05-01,0.9744,0.0109,0.0046,0.0069,0.0031,31
r1wjxdu30,1988-06-01,0.9757,0.0127,0.0042,0.005,0.0023,30
r1wjxdu30,1988-07-01,0.9771,0.0139,0.0038,0.0032,0.0015,31
r1wjxdu30,1988-08-01,0.9806,0.0118,0.003,0.0029,0.0014,31
r1wjxdu30,1988-09-01,0.979,0.011,0.0035,0.0044,0.0019,30
r1wjxdu30,1988-10-01,0.9768,0.0102,0.0042,0.0062,0.0025,31
r1wjxdu30,1988-11-01,0.9746,0.0095,0.0048,0.0079,0.0031,30
r1wjxdu30,1988-12-01,0.9724,0.0089,0.0057,0.0092,0.0036,31
r1wjxdu30,1989-01-01,0.9702,0.0086,0.0071,0.0096,0.0042,31
r1wjxdu30,1989-02-01,0.9701,0.0084,0.0067,0.01,0.0045,28
r1wjxdu30,1989-03-01,0.973,0.0089,0.0055,0.0081,0.0043,31
r1wjxdu30,1989-04-01,0.9737,0.01,0.0058,0.0066,0.0036,30
r1wjxdu30,1989-05-01,0.9727,0.0112,0.0068,0.0061,0.0029,31
r1wjxdu30,1989-06-01,0.9726,0.0115,0.0069,0.0061,0.0027,30
r1wjxdu30,1989-07-01,0.9728,0.0108,0.0066,0.0068,0.0029,31
r1wjxdu30,1989-08-01,0.9725,0.0111,0.0064,0.0068,0.0029,31
r1wjxdu30,1989-09-01,0.9664,0.0119,0.0083,0.0075,0.0056,30
r1wjxdu30,1989-10-01,0.9682,0.0099,0.0079,0.0097,0.0042,31
r1wjxdu30,1989-11-01,0.9683,0.0083,0.0067,0.0124,0.0041,30
r1wjxdu30,1989-12-01,0.9691,0.0075,0.0054,0.0138,0.0038,31
r1wjxdu30,1990-01-01,0.9693,0.0085,0.0056,0.0127,0.0037,31
r1wjxdu30,1990-02-01,0.9686,0.0092,0.0061,0.012,0.0039,28
r1wjxdu30,1990-03-01,0.9679,0.0098,0.0067,0.0112,0.0041,31
r1wjxdu30,1990-04-01,0.9699,0.0097,0.0067,0.0095,0.0041,30
r1wjxdu30,1990-05-01,0.9695,0.0103,0.0082,0.0085,0.003,31
r1wjxdu30,1990-06-01,0.9721,0.0124,0.0069,0.0062,0.0022,30
r1wjxdu30,1990-07-01,0.9697,0.0114,0.0077,0.0084,0.0026,31
r1wjxdu30,1990-08-01,0.9673,0.0103,0.0086,0.0106,0.003,31
r1wjxdu30,1990-09-01,0.968,0.0088,0.0082,0.0109,0.0036,30
r1wjxdu30,1990-10-01,0.9724,0.0084,0.0055,0.0103,0.0031,31
r1wjxdu30,1990-11-01,0.9715,0.0083,0.0051,0.0112,0.0036,30
r1wjxdu30,1990-12-01,0.9709,0.0091,0.005,0.0113,0.0035,31
r1wjxdu30,1991-01-01,0.973,0.008,0.005,0.0093,0.0044,31
r1wjxdu30,1991-02-01,0.9705,0.0105,0.0056,0.0087,0.0045,28
r1wjxdu30,1991-03-01,0.969,0.0115,0.0063,0.0086,0.0044,31
r1wjxdu30,1991-04-01,0.9697,0.0116,0.0065,0.0081,0.0039,30
r1wjxdu30,1991-05-01,0.9714,0.0127,0.0059,0.0066,0.0032,31
r1wjxdu30,1991-06-01,0.9728,0.0136,0.0054,0.0054,0.0026,30
r1wjxdu30,1991-07-01,0.9687,0.0109,0.0073,0.0082,0.0047,31
r1wjxdu30,1991-08-01,0.969,0.0105,0.0073,0.0088,0.0042,31
r1wjxdu30,1991-09-01,0.971,0.0111,0.0066,0.0084,0.0027,30
r1wjxdu30,1991-10-01,0.9685,0.0086,0.0076,0.0124,0.0029,31
r1wjxdu30,1991-11-01,0.9696,0.0072,0.0058,0.0142,0.003,30
r1wjxdu30,1991-12-01,0.9699,0.0073,0.0052,0.0141,0.0033,31
r1wjxdu30,1992-01-01,0.9709,0.0089,0.0047,0.0113,0.0039,31
r1wjxdu30,1992-02-01,0.9704,0.0103,0.0049,0.01,0.0039,29
r1wjxdu30,1992-03-01,0.9687,0.0082,0.0061,0.0126,0.0041,31
r1wjxdu30,1992-04-01,0.9688,0.0112,0.006,0.0095,0.0043,30
r1wjxdu30,1992-05-01,0.9679,0.0127,0.0071,0.0085,0.0036,31
r1wjxdu30,1992-06-01,0.9659,0.0122,0.0078,0.0105,0.0034,30
r1wjxdu30,1992-07-01,0.965,0.0123,0.0081,0.0106,0.0037,31
r1wjxdu30,1992-08-01,0.9632,0.0138,0.0079,0.0111,0.0038,31
r1wjxdu30,1992-09-01,0.9705,0.014,0.0055,0.007,0.0028,30
r1wjxdu30,1992-10-01,0.9707,0.0111,0.0061,0.0086,0.0033,31
r1wjxdu30,1992-11-01,0.967,0.0093,0.0075,0.0118,0.0043,30
r1wjxdu30,1992-12-01,0.9641,0.0086,0.0096,0.0128,0.0046,31
r1wjxdu30,1993-01-01,0.9618,0.0087,0.0112,0.0128,0.005,31
r1wjxdu30,1993-02-01,0.9524,0.0104,0.01,0.0172,0.0098,28
r1wjxdu30,1993-03-01,0.9629,0.0114,0.0089,0.0118,0.0049,31
r1wjxdu30,1993-04-01,0.9608,0.0106,0.0096,0.0125,0.0062,30
r1wjxdu30,1993-05-01,0.8611,0.0396,0.0093,0.0223,0.0689,31
r1wjxdu30,1993-06-01,0.9315,0.0176,0.0083,0.0187,0.0237,30
r1wjxdu30,1993-07-01,0.9561,0.0111,0.0071,0.0163,0.0091,31
r1wjxdu30,1993-08-01,0.9567,0.0127,0.0069,0.0139,0.0096,31
r1wjxdu30,1993-09-01,0.9618,0.013,0.0074,0.011,0.0066,30
r1wjxdu30,1993-10-01,0.9662,0.0132,0.008,0.0088,0.0037,31
r1wjxdu30,1993-11-01,0.965,0.0091,0.0097,0.0117,0.0039,30
r1wjxdu30,1993-12-01,0.9654,0.008,0.008,0.0117,0.0063,31
r1wjxdu30,1994-01-01,0.9682,0.0079,0.0072,0.0115,0.005,31
r1wjxdu30,1994-02-01,0.9715,0.0081,0.0065,0.0097,0.004,28
r1wjxdu30,1994-03-01,0.9692,0.0106,0.0073,0.0087,0.004,31
r1wjxdu30,1994-04-01,0.958,0.0146,0.0084,0.0103,0.0085,30
r1wjxdu30,1994-05-01,0.966,0.0103,0.0081,0.0103,0.0046,31
r1wjxdu30,1994-06-01,0.9605,0.012,0.009,0.0135,0.0048,30
r1wjxdu30,1994-07-01,0.9569,0.0117,0.0087,0.0166,0.0058,31
r1wjxdu30,1994-08-01,0.9609,0.0083,0.0063,0.0174,0.0068,31
r1wjxdu30,1994-09-01,0.9651,0.0066,0.0048,0.0167,0.0065,30
r1wjxdu30,1994-10-01,0.9655,0.0075,0.0053,0.0161,0.0055,31
r1wjxdu30,1994-11-01,0.9668,0.0083,0.0058,0.0137,0.0052,30
r1wjxdu30,1994-12-01,0.9682,0.009,0.0062,0.0113,0.005,31
r1wjxdu30,1995-01-01,0.9691,0.009,0.006,0.0086,0.0071,31
r1wjxdu30,1995-02-01,0.9682,0.0101,0.0067,0.0079,0.0069,28
r1wjxdu30,1995-03-01,0.9678,0.0109,0.0069,0.0082,0.0059,31
r1wjxdu30,1995-04-01,0.9687,0.0113,0.0063,0.008,0.0055,30
r1wjxdu30,1995-05-01,0.9713,0.0129,0.0061,0.006,0.0035,31
r1wjxdu30,1995-06-01,0.968,0.0135,0.0082,0.0067,0.0035,30
r1wjxdu30,1995-07-01,0.9657,0.0167,0.0081,0.0072,0.0031,31
r1wjxdu30,1995-08-01,0.9706,0.015,0.0059,0.0051,0.0032,31
r1wjxdu30,1995-09-01,0.9687,0.0113,0.0075,0.0079,0.0043,30
r1wjxdu30,1995-10-01,0.97,0.0091,0.0071,0.0094,0.0042,31
r1wjxdu30,1995-11-01,0.9706,0.0078,0.0067,0.0107,0.0041,30
r1wjxdu30,1995-12-01,0.9697,0.0084,0.0063,0.0113,0.0041,31
r1wjxdu30,1996-01-01,0.9692,0.0092,0.0057,0.01,0.0047,31
r1wjxdu30,1996-02-01,0.9688,0.0106,0.0066,0.009,0.0045,29
r1wjxdu30,1996-03-01,0.9692,0.0119,0.0058,0.0089,0.0042,31
r1wjxdu30,1996-04-01,0.9712,0.0108,0.0058,0.0082,0.0039,30
r1wjxdu30,1996-05-01,0.9673,0.012,0.0069,0.0092,0.0043,31
r1wjxdu30,1996-06-01,0.9608,0.014,0.0086,0.0118,0.0044,30
r1wjxdu30,1996-07-01,0.9561,0.0126,0.0099,0.0155,0.0056,31
r1wjxdu30,1996-08-01,0.9574,0.0119,0.0096,0.0153,0.0054,31
r1wjxdu30,1996-09-01,0.9599,0.0112,0.009,0.0147,0.0049,30
r1wjxdu30,1996-10-01,0.9623,0.0106,0.0084,0.014,0.0044,31
r1wjxdu30,1996-11-01,0.9648,0.01,0.0077,0.0133,0.0039,30
r1wjxdu30,1996-12-01,0.9666,0.0088,0.0069,0.0134,0.0039,31
r1wjxdu30,1997-01-01,0.9654,0.0093,0.0073,0.0135,0.0045,31
r1wjxdu30,1997-02-01,0.9708,0.0104,0.0057,0.0093,0.0036,28
r1wjxdu30,1997-03-01,0.9687,0.0125,0.006,0.0097,0.003,31
r1wjxdu30,1997-04-01,0.9681,0.0097,0.0073,0.011,0.0039,30
r1wjxdu30,1997-05-01,0.9682,0.0098,0.0082,0.0102,0.0034,31
r1wjxdu30,1997-06-01,0.9677,0.01,0.0088,0.0101,0.0032,30
r1wjxdu30,1997-07-01,0.9676,0.01,0.0078,0.0109,0.0033,31
r1wjxdu30,1997-08-01,0.9707,0.01,0.0066,0.0099,0.0027,31
r1wjxdu30,1997-09-01,0.9707,0.0092,0.0067,0.01,0.0032,30
r1wjxdu30,1997-10-01,0.9651,0.0073,0.0076,0.015,0.0046,31
r1wjxdu30,1997-11-01,0.9681,0.0052,0.0056,0.0159,0.0052,30
r1wjxdu30,1997-12-01,0.9675,0.0061,0.0059,0.0152,0.0051,31
r1wjxdu30,1998-01-01,0.9713,0.0068,0.0055,0.0115,0.0047,31
r1wjxdu30,1998-02-01,0.9712,0.0086,0.0057,0.0099,0.0046,28
r1wjxdu30,1998-03-01,0.9661,0.0093,0.0074,0.0117,0.0049,31
r1wjxdu30,1998-04-01,0.97,0.0101,0.0066,0.009,0.0042,30
r1wjxdu30,1998-05-01,0.9707,0.0124,0.007,0.0069,0.0027,31
r1wjxdu30,1998-06-01,0.9693,0.0107,0.0079,0.0086,0.0032,30
r1wjxdu30,1998-07-01,0.9674,0.0093,0.0084,0.0107,0.004,31
r1wjxdu30,1998-08-01,0.9674,0.0089,0.0084,0.0115,0.0036,31
r1wjxdu30,1998-09-01,0.9711,0.0077,0.0068,0.0107,0.0035,30
r1wjxdu30,1998-10-01,0.9713,0.0085,0.0063,0.0094,0.0041,31
r1wjxdu30,1998-11-01,0.9719,0.0082,0.0057,0.0095,0.0046,30
r1wjxdu30,1998-12-01,0.9677,0.0087,0.0081,0.0109,0.0044,31
r1wjxdu30,1999-01-01,0.9679,0.0088,0.0079,0.0104,0.0048,31
r1wjxdu30,1999-02-01,0.9706,0.0098,0.0063,0.0082,0.0048,28
r1wjxdu30,1999-03-01,0.971,0.0103,0.006,0.0073,0.0052,31
r1wjxdu30,1999-04-01,0.9701,0.0108,0.0058,0.0081,0.0051,30
r1wjxdu30,1999-05-01,0.9659,0.0099,0.0076,0.011,0.0053,31
r1wjxdu30,1999-06-01,0.9648,0.0102,0.0085,0.0114,0.0048,30
r1wjxdu30,1999-07-01,0.9649,0.0105,0.0089,0.0113,0.0038,31
r1wjxdu30,1999-08-01,0.9672,0.0122,0.0076,0.0094,0.0032,31
r1wjxdu30,1999-09-01,0.9688,0.0111,0.007,0.0095,0.0034,30
r1wjxdu30,1999-10-01,0.9704,0.0097,0.0064,0.0096,0.0036,31
r1wjxdu30,1999-11-01,0.9695,0.0094,0.0068,0.0097,0.004,30
r1wjxdu30,1999-12-01,0.9699,0.0092,0.0074,0.0099,0.0033,31
r1wjxdu30,2000-01-01,0.9665,0.0101,0.008,0.0114,0.0037,31
r1wjxdu30,2000-02-01,0.9711,0.0097,0.0062,0.0095,0.0033,29
r1wjxdu30,2000-03-01,0.9704,0.0101,0.0062,0.009,0.0041,31
r1wjxdu30,2000-04-01,0.9709,0.0097,0.0066,0.0081,0.0045,30
r1wjxdu30,2000-05-01,0.9702,0.0121,0.0074,0.0069,0.0033,31
r1wjxdu30,2000-06-01,0.9655,0.0112,0.0091,0.0099,0.004,30
r1wjxdu30,2000-07-01,0.9637,0.01,0.0089,0.0125,0.0047,31
r1wjxdu30,2000-08-01,0.9667,0.0097,0.0076,0.0117,0.004,31
r1wjxdu30,2000-09-01,0.9709,0.0097,0.0063,0.0101,0.0029,30
r1wjxdu30,2000-10-01,0.9713,0.0091,0.0065,0.0102,0.0027,31
r1wjxdu30,2000-11-01,0.9717,0.0085,0.0068,0.0103,0.0026,30
r1wjxdu30,2000-12-01,0.9708,0.0088,0.0067,0.0101,0.0036,31
r1wjxdu30,2001-01-01,0.9664,0.0088,0.0067,0.0118,0.0064,31
r1wjxdu30,2001-02-01,0.9701,0.0094,0.0065,0.0098,0.0038,28
r1wjxdu30,2001-03-01,0.9663,0.0112,0.0075,0.0102,0.0044,31
r1wjxdu30,2001-04-01,0.9677,0.0104,0.0074,0.0101,0.0042,30
r1wjxdu30,2001-05-01,0.9691,0.0086,0.0074,0.0109,0.0038,31
r1wjxdu30,2001-06-01,0.9692,0.0081,0.0071,0.0114,0.0039,30
r1wjxdu30,2001-07-01,0.9692,0.0077,0.0068,0.0119,0.0041,31
r1wjxdu30,2001-08-01,0.9693,0.0072,0.0066,0.0124,0.0043,31
r1wjxdu30,2001-09-01,0.9694,0.0068,0.0063,0.0129,0.0045,30
r1wjxdu30,2001-10-01,0.9694,0.0063,0.006,0.0133,0.0047,31
r1wjxdu30,2001-11-01,0.9695,0.0061,0.0058,0.0136,0.0048,30
r1wjxdu30,2001-12-01,0.9707,0.0091,0.0058,0.0104,0.0035,31
r1wjxdu30,2002-01-01,0.9721,0.0093,0.0055,0.0091,0.0034,31
r1wjxdu30,2002-02-01,0.9696,0.012,0.0059,0.0088,0.0035,28
r1wjxdu30,2002-03-01,0.9663,0.0124,0.0071,0.0093,0.0046,31
r1wjxdu30,2002-04-01,0.9684,0.0109,0.0068,0.0091,0.0045,30
r1wjxdu30,2002-05-01,0.9664,0.0111,0.007,0.0106,0.0046,31
r1wjxdu30,2002-06-01,0.9639,0.0114,0.0073,0.0123,0.0048,30
r1wjxdu30,2002-07-01,0.9596,0.0117,0.0076,0.0137,0.0072,31
r1wjxdu30,2002-08-01,0.9613,0.0073,0.0063,0.0182,0.0065,31
r1wjxdu30,2002-09-01,0.9657,0.0062,0.0045,0.0176,0.0058,30
r1wjxdu30,2002-10-01,0.9704,0.0059,0.0044,0.0135,0.0055,31
r1wjxdu30,2002-11-01,0.9734,0.0053,0.0045,0.0111,0.0055,30
r1wjxdu30,2002-12-01,0.9758,0.0047,0.0046,0.0088,0.0054,31
r1wjxdu30,2003-01-01,0.9722,0.0052,0.0072,0.0093,0.0057,31
r1wjxdu30,2003-02-01,0.9727,0.0108,0.005,0.0081,0.0034,28
r1wjxdu30,2003-03-01,0.9686,0.0104,0.0067,0.0087,0.0052,31
r1wjxdu30,2003-04-01,0.9676,0.0103,0.0058,0.0125,0.0043,30
r1wjxdu30,2003-05-01,0.9636,0.0097,0.0083,0.0129,0.0052,31
r1wjxdu30,2003-06-01,0.9627,0.0094,0.0093,0.0128,0.0054,30
r1wjxdu30,2003-07-01,0.9644,0.0093,0.0087,0.0124,0.0048,31
r1wjxdu30,2003-08-01,0.9661,0.0093,0.0082,0.012,0.0042,31
r1wjxdu30,2003-09-01,0.9678,0.0092,0.0076,0.0115,0.0036,30
r1wjxdu30,2003-10-01,0.9691,0.0092,0.0071,0.011,0.0032,31
r1wjxdu30,2003-11-01,0.9687,0.01,0.0071,0.0105,0.0035,30
r1wjxdu30,2003-12-01,0.9683,0.0107,0.0071,0.0099,0.0038,31
r1wjxdu30,2004-01-01,0.9678,0.0114,0.0071,0.0093,0.0041,31
r1wjxdu30,2004-02-01,0.9673,0.0122,0.0071,0.0087,0.0044,29
r1wjxdu30,2004-03-01,0.967,0.0129,0.0071,0.0083,0.0047,31
r1wjxdu30,2004-04-01,0.9669,0.0129,0.0071,0.0094,0.0034,30
r1wjxdu30,2004-05-01,0.9644,0.0118,0.0079,0.0116,0.0041,31
r1wjxdu30,2004-06-01,0.9622,0.011,0.0084,0.0139,0.0043,30
r1wjxdu30,2004-07-01,0.9599,0.0101,0.0088,0.0162,0.0046,31
r1wjxdu30,2004-08-01,0.9561,0.0078,0.0097,0.0195,0.0064,31
r1wjxdu30,2004-09-01,0.9582,0.0071,0.0091,0.0181,0.0071,30
r1wjxdu30,2004-10-01,0.9618,0.0069,0.0094,0.0156,0.006,31
r1wjxdu30,2004-11-01,0.9655,0.0067,0.0096,0.013,0.0048,30
r1wjxdu30,2004-12-01,0.9685,0.0066,0.0099,0.0107,0.0037,31
r1wjxdu30,2005-01-01,0.9663,0.0087,0.0099,0.011,0.0039,31
r1wjxdu30,2005-02-01,0.9677,0.0107,0.0088,0.0089,0.0037,28
r1wjxdu30,2005-03-01,0.9665,0.0113,0.0087,0.01,0.0034,31
r1wjxdu30,2005-04-01,0.9667,0.0112,0.008,0.0107,0.0034,30
r1wjxdu30,2005-05-01,0.9653,0.0109,0.0083,0.011,0.0042,31
r1wjxdu30,2005-06-01,0.9643,0.0113,0.0075,0.0116,0.005,30
r1wjxdu30,2005-07-01,0.9627,0.0097,0.0079,0.0131,0.0062,31
r1wjxdu30,2005-08-01,0.9642,0.0086,0.0079,0.013,0.006,31
r1wjxdu30,2005-09-01,0.9683,0.0092,0.0071,0.0109,0.0043,30
r1wjxdu30,2005-10-01,0.9698,0.0096,0.0069,0.0102,0.0033,31
r1wjxdu30,2005-11-01,0.9684,0.0097,0.0073,0.0113,0.003,30
r1wjxdu30,2005-12-01,0.967,0.0099,0.0077,0.0124,0.0028,31
r1wjxdu30,2006-01-01,0.9656,0.01,0.0081,0.0133,0.0026,31
r1wjxdu30,2006-02-01,0.9672,0.0099,0.0077,0.0117,0.0034,28
r1wjxdu30,2006-03-01,0.9665,0.0106,0.0077,0.0113,0.0036,31
r1wjxdu30,2006-04-01,0.9634,0.0118,0.0086,0.0106,0.0052,30
r1wjxdu30,2006-05-01,0.9658,0.0113,0.0081,0.0099,0.0046,31
r1wjxdu30,2006-06-01,0.9661,0.0107,0.0071,0.0113,0.0047,30
r1wjxdu30,2006-07-01,0.9641,0.0115,0.0068,0.0126,0.0047,31
r1wjxdu30,2006-08-01,0.962,0.0126,0.0066,0.0139,0.0047,31
r1wjxdu30,2006-09-01,0.9574,0.0108,0.0071,0.0176,0.0075,30
r1wjxdu30,2006-10-01,0.9642,0.008,0.0071,0.0151,0.0054,31
r1wjxdu30,2006-11-01,0.9668,0.0078,0.0069,0.0136,0.0046,30
r1wjxdu30,2006-12-01,0.9658,0.0082,0.0079,0.0132,0.0047,31
r1wjxdu30,2007-01-01,0.9679,0.0082,0.0073,0.0107,0.0055,31
r1wjxdu30,2007-02-01,0.962,0.0093,0.01,0.012,0.006,28
r1wjxdu30,2007-03-01,0.9608,0.0094,0.0095,0.0124,0.0074,31
r1wjxdu30,2007-04-01,0.9614,0.0095,0.0085,0.014,0.0065,30
r1wjxdu30,2007-05-01,0.9673,0.0099,0.0075,0.0115,0.0035,31
r1wjxdu30,2007-06-01,0.9682,0.011,0.0077,0.0091,0.0035,30
r1wjxdu30,2007-07-01,0.9704,0.0131,0.0055,0.0073,0.0035,31
r1wjxdu30,2007-08-01,0.9695,0.0109,0.0066,0.0085,0.0043,31
r1wjxdu30,2007-09-01,0.9697,0.0091,0.0067,0.0105,0.0037,30
r1wjxdu30,2007-10-01,0.9687,0.0089,0.0068,0.0117,0.0037,31
r1wjxdu30,2007-11-01,0.9672,0.0084,0.0072,0.013,0.004,30
r1wjxdu30,2007-12-01,0.9657,0.0079,0.0077,0.0143,0.0042,31
r1wjxdu30,2008-01-01,0.9639,0.0076,0.0084,0.015,0.0047,31
r1wjxdu30,2008-02-01,0.9627,0.01,0.008,0.0139,0.0047,29
r1wjxdu30,2008-03-01,0.9651,0.0093,0.007,0.014,0.0043,31
r1wjxdu30,2008-04-01,0.9658,0.0088,0.0068,0.0137,0.0046,30
r1wjxdu30,2008-05-01,0.9664,0.0084,0.0066,0.0134,0.0049,31
r1wjxdu30,2008-06-01,0.9671,0.008,0.0063,0.013,0.0053,30
r1wjxdu30,2008-07-01,0.9678,0.0076,0.0061,0.0127,0.0056,31
r1wjxdu30,2008-08-01,0.9684,0.0072,0.0058,0.0124,0.0059,31
r1wjxdu30,2008-09-01,0.969,0.0068,0.0056,0.012,0.0063,30
r1wjxdu30,2008-10-01,0.967,0.0079,0.0067,0.0114,0.0068,31
r1wjxdu30,2008-11-01,0.9653,0.0092,0.0072,0.0112,0.0068,30
r1wjxdu30,2008-12-01,0.9639,0.0097,0.0082,0.0105,0.0074,31
r1wjxdu30,2009-01-01,0.9644,0.0102,0.008,0.01,0.0071,31
r1wjxdu30,2009-02-01,0.966,0.0109,0.0069,0.0099,0.0061,28
r1wjxdu30,2009-03-01,0.9672,0.0113,0.0061,0.0098,0.0053,31
r1wjxdu30,2009-04-01,0.9661,0.0107,0.0071,0.0108,0.0051,30
r1wjxdu30,2009-05-01,0.968,0.0103,0.0066,0.0108,0.004,31
r1wjxdu30,2009-06-01,0.9678,0.0095,0.0072,0.0107,0.0046,30
r1wjxdu30,2009-07-01,0.9682,0.0091,0.0072,0.0103,0.005,31
r1wjxdu30,2009-08-01,0.9686,0.0087,0.0073,0.0099,0.0053,31
r1wjxdu30,2009-09-01,0.9689,0.0085,0.0073,0.0096,0.0055,30
r1wjxdu30,2009-10-01,0.968,0.0096,0.0071,0.01,0.005,31
r1wjxdu30,2009-11-01,0.9673,0.0107,0.0071,0.0102,0.0046,30
r1wjxdu30,2009-12-01,0.9673,0.0115,0.0082,0.0073,0.0055,31
r1wjxdu30,2010-01-01,0.9668,0.0118,0.0082,0.0076,0.0054,31
r1wjxdu30,2010-02-01,0.9664,0.012,0.0081,0.008,0.0051,28
r1wjxdu30,2010-03-01,0.9668,0.0124,0.0082,0.0074,0.005,31
r1wjxdu30,2010-04-01,0.9668,0.0125,0.0083,0.0074,0.0048,30
r1wjxdu30,2010-05-01,0.9666,0.0124,0.0084,0.0077,0.0046,31
r1wjxdu30,2010-06-01,0.9665,0.0123,0.0085,0.008,0.0045,30
r1wjxdu30,2010-07-01,0.9664,0.0122,0.0086,0.0083,0.0043,31
r1wjxdu30,2010-08-01,0.9662,0.0121,0.0087,0.0086,0.0041,31
r1wjxdu30,2010-09-01,0.9661,0.0121,0.0088,0.0089,0.004,30
r1wjxdu30,2010-10-01,0.9659,0.012,0.0089,0.0092,0.0038,31
r1wjxdu30,2010-11-01,0.9658,0.0119,0.009,0.0094,0.0036,30
r1wjxdu30,2010-12-01,0.9637,0.0121,0.0107,0.0095,0.0036,31
r1wjxdu30,2011-01-01,0.964,0.0101,0.0135,0.0089,0.0032,31
r1wjxdu30,2011-02-01,0.964,0.0095,0.0135,0.0092,0.0035,28
r1wjxdu30,2011-03-01,0.9634,0.0096,0.0128,0.0099,0.0039,31
r1wjxdu30,2011-04-01,0.9628,0.0098,0.0121,0.0107,0.0043,30
r1wjxdu30,2011-05-01,0.9622,0.0099,0.0115,0.0114,0.0047,31
r1wjxdu30,2011-06-01,0.9616,0.01,0.0108,0.0121,0.0051,30
r1wjxdu30,2011-07-01,0.961,0.0101,0.0101,0.0129,0.0056,31
r1wjxdu30,2011-08-01,0.9603,0.0103,0.0095,0.0136,0.006,31
r1wjxdu30,2011-09-01,0.9592,0.0106,0.0086,0.0145,0.0069,30
r1wjxdu30,2011-10-01,0.9607,0.0109,0.0099,0.0115,0.0067,31
r1wjxdu30,2011-11-01,0.9614,0.0106,0.011,0.0102,0.0064,30
r1wjxdu30,2011-12-01,0.9618,0.0109,0.0109,0.01,0.0062,31
r1wjxdu30,2012-01-01,0.9621,0.0111,0.0107,0.0097,0.0061,31
r1wjxdu30,2012-02-01,0.9624,0.0113,0.0105,0.0095,0.0059,29
r1wjxdu30,2012-03-01,0.9627,0.0116,0.0103,0.0093,0.0057,31
r1wjxdu30,2012-04-01,0.9631,0.0118,0.0101,0.0091,0.0055,30
r1wjxdu30,2012-05-01,0.9634,0.0121,0.01,0.0089,0.0054,31
r1wjxdu30,2012-06-01,0.9637,0.0123,0.0098,0.0087,0.0052,30
r1wjxdu30,2012-07-01,0.964,0.0126,0.0096,0.0084,0.005,31
r1wjxdu30,2012-08-01,0.9644,0.0128,0.0094,0.0082,0.0049,31
r1wjxdu30,2012-09-01,0.9647,0.013,0.0092,0.008,0.0047,30
r1wjxdu30,2012-10-01,0.965,0.0133,0.0091,0.0078,0.0045,31
r1wjxdu30,2012-11-01,0.9654,0.0135,0.0089,0.0076,0.0043,30
r1wjxdu30,2012-12-01,0.9657,0.0138,0.0087,0.0074,0.0042,31
r1wjxdu30,2013-01-01,0.966,0.014,0.0085,0.0071,0.004,31
r1wjxdu30,2013-02-01,0.9663,0.0143,0.0084,0.0069,0.0038,28
r1wjxdu30,2013-03-01,0.9667,0.0145,0.0082,0.0067,0.0036,31
r1wjxdu30,2013-04-01,0.967,0.0147,0.008,0.0066,0.0035,30
r1wjxdu30,2013-05-01,0.967,0.0148,0.0076,0.0068,0.0033,31
r1wjxdu30,2013-06-01,0.9687,0.011,0.0074,0.0089,0.0037,30
r1wjxdu30,2013-07-01,0.9682,0.0089,0.0074,0.011,0.0042,31
r1wjxdu30,2013-08-01,0.9691,0.0091,0.0072,0.0106,0.0038,31
r1wjxdu30,2013-09-01,0.9701,0.0092,0.0069,0.0101,0.0035,30
r1wjxdu30,2013-10-01,0.9709,0.0092,0.0076,0.0088,0.0033,31
r1wjxdu30,2013-11-01,0.9692,0.0097,0.0082,0.0093,0.0033,30
r1wjxdu30,2013-12-01,0.9688,0.0107,0.0083,0.0086,0.0033,31
r1wjxdu30,2014-01-01,0.9668,0.0118,0.0091,0.0086,0.0034,31
r1wjxdu30,2014-02-01,0.9656,0.0133,0.009,0.0088,0.003,28
r1wjxdu30,2014-03-01,0.966,0.014,0.0087,0.0079,0.0032,31
r1wjxdu30,2014-04-01,0.9664,0.0147,0.0085,0.0069,0.0033,30
r1wjxdu30,2014-05-01,0.9665,0.0158,0.0083,0.0062,0.0029,31
r1wjxdu30,2014-06-01,0.9658,0.0145,0.0082,0.0078,0.0034,30
r1wjxdu30,2014-07-01,0.9663,0.0125,0.0076,0.0095,0.0038,31
r1wjxdu30,2014-08-01,0.9686,0.0092,0.0065,0.0114,0.0037,31
r1wjxdu30,2014-09-01,0.9722,0.0105,0.0053,0.009,0.0028,30
r1wjxdu30,2014-10-01,0.9676,0.009,0.0082,0.0115,0.0034,31
r1wjxdu30,2014-11-01,0.9677,0.0095,0.0085,0.0106,0.0034,30
r1wjxdu30,2014-12-01,0.9665,0.0113,0.0089,0.0094,0.0035,31
r1wjxdu30,2015-01-01,0.9662,0.0111,0.0096,0.009,0.0037,31
r1wjxdu30,2015-02-01,0.9651,0.0136,0.0095,0.009,0.0029,28
r1wjxdu30,2015-03-01,0.964,0.0135,0.0097,0.0087,0.004,31
r1wjxdu30,2015-04-01,0.9653,0.0134,0.0087,0.0081,0.0042,30
r1wjxdu30,2015-05-01,0.966,0.0117,0.0085,0.0086,0.0048,31
r1wjxdu30,2015-06-01,0.9667,0.0096,0.0082,0.0109,0.0043,30
r1wjxdu30,2015-07-01,0.9672,0.008,0.0075,0.0126,0.0044,31
r1wjxdu30,2015-08-01,0.9679,0.0073,0.0072,0.0129,0.0042,31
r1wjxdu30,2015-09-01,0.9676,0.0074,0.0079,0.013,0.0038,30
r1wjxdu30,2015-10-01,0.9668,0.0088,0.0084,0.0126,0.0033,31
r1wjxdu30,2015-11-01,0.9663,0.0102,0.0089,0.0104,0.0036,30
r1wjxdu30,2015-12-01,0.967,0.0095,0.0092,0.0105,0.0034,31
r1wjxdu30,2016-01-01,0.9654,0.0101,0.0097,0.0106,0.0038,31
r1wjxdu30,2016-02-01,0.9648,0.0116,0.01,0.0097,0.0038,29
r1wjxdu30,2016-03-01,0.964,0.0126,0.0102,0.0091,0.0037,31
r1wjxdu30,2016-04-01,0.9629,0.0127,0.0105,0.0089,0.0046,30
r1wjxdu30,2016-05-01,0.9627,0.0124,0.0106,0.0094,0.0046,31
r1wjxdu30,2016-06-01,0.963,0.0121,0.0105,0.0097,0.0044,30
r1wjxdu30,2016-07-01,0.9632,0.0118,0.0104,0.01,0.0042,31
r1wjxdu30,2016-08-01,0.9634,0.0115,0.0104,0.0104,0.004,31
r1wjxdu30,2016-09-01,0.9637,0.0112,0.0103,0.0107,0.0038,30
r1wjxdu30,2016-10-01,0.9639,0.0109,0.0103,0.011,0.0035,31
r1wjxdu30,2016-11-01,0.964,0.0107,0.0102,0.0112,0.0034,30
r1wjxdu30,2016-12-01,0.9631,0.0113,0.0115,0.0101,0.0038,31
r1wjxdu30,2017-01-01,0.9637,0.0119,0.0111,0.0091,0.0037,31
r1wjxdu30,2017-02-01,0.9646,0.0126,0.0106,0.0083,0.0035,28
r1wjxdu30,2017-03-01,0.9641,0.0151,0.0097,0.0075,0.0033,31
r1wjxdu30,2017-04-01,0.9668,0.0188,0.0072,0.005,0.002,30
r1wjxdu30,2017-05-01,0.9676,0.0179,0.0068,0.0054,0.002,31
r1wjxdu30,2017-06-01,0.9673,0.0147,0.0073,0.0075,0.0029,30
r1wjxdu30,2017-07-01,0.9664,0.0116,0.0071,0.0105,0.0041,31
r1wjxdu30,2017-08-01,0.9668,0.0108,0.0069,0.0114,0.0037,31
r1wjxdu30,2017-09-01,0.968,0.0082,0.0075,0.0125,0.0035,30
r1wjxdu30,2017-10-01,0.9668,0.0089,0.0085,0.0122,0.0033,31
r1wjxdu30,2017-11-01,0.9648,0.0108,0.0092,0.0111,0.0038,30
r1wjxdu30,2017-12-01,0.9649,0.012,0.0104,0.0089,0.0035,31
r1wjxdu30,2018-01-01,0.9638,0.012,0.0115,0.0094,0.0031,31
r1wjxdu30,2018-02-01,0.9634,0.0133,0.0108,0.0087,0.0033,28
r1wjxdu30,2018-03-01,0.9627,0.015,0.0101,0.0081,0.0038,31
r1wjxdu30,2018-04-01,0.9636,0.0144,0.0096,0.0086,0.0035,30
r1wjxdu30,2018-05-01,0.9642,0.0141,0.0088,0.0089,0.0037,31
r1wjxdu30,2018-06-01,0.9661,0.012,0.0077,0.0097,0.004,30
r1wjxdu30,2018-07-01,0.966,0.0076,0.007,0.0137,0.0054,31
r1wjxdu30,2018-08-01,0.9667,0.0072,0.0063,0.0143,0.0051,31
r1wjxdu30,2018-09-01,0.9671,0.0069,0.0062,0.0148,0.0048,30
r1wjxdu30,2018-10-01,0.967,0.0073,0.0071,0.0135,0.0047,31
r1wjxdu30,2018-11-01,0.9673,0.0074,0.0083,0.0112,0.0055,30
r1wjxdu30,2018-12-01,0.968,0.0072,0.0093,0.0096,0.0055,31
r1wjxdu30,2019-01-01,0.9651,0.009,0.0105,0.0102,0.0048,31
r1wjxdu30,2019-02-01,0.9633,0.0101,0.0111,0.0102,0.005,28
r1wjxdu30,2019-03-01,0.9636,0.0104,0.0106,0.0099,0.0052,31
r1wjxdu30,2019-04-01,0.9634,0.0112,0.0105,0.0098,0.0047,30
r1wjxdu30,2019-05-01,0.9656,0.0109,0.0094,0.0093,0.0044,31
r1wjxdu30,2019-06-01,0.968,0.0104,0.0083,0.0089,0.0042,30
r1wjxdu30,2019-07-01,0.9676,0.0095,0.0082,0.0104,0.004,31
r1wjxdu30,2019-08-01,0.9668,0.0086,0.0081,0.0122,0.0038,31
r1wjxdu30,2019-09-01,0.9661,0.0077,0.0081,0.0141,0.0036,30
r1wjxdu30,2019-10-01,0.9654,0.0068,0.0081,0.0159,0.0035,31
r1wjxdu30,2019-11-01,0.9655,0.0074,0.0084,0.0146,0.0038,30
r1wjxdu30,2019-12-01,0.9677,0.0077,0.0082,0.0122,0.004,31
r1wjxdu30,2020-01-01,0.9756,0.0043,0.0055,0.0114,0.0027,31
r1wjxdu30,2020-02-01,0.9637,0.01,0.0104,0.0113,0.0042,29
r1wjxdu30,2020-03-01,0.9629,0.0109,0.0112,0.0098,0.0049,31
r1wjxdu30,2020-04-01,0.9643,0.0111,0.0105,0.0093,0.0045,30
r1wjxdu30,2020-05-01,0.9661,0.0113,0.0095,0.0089,0.0038,31
r1wjxdu30,2020-06-01,0.9667,0.0104,0.0089,0.01,0.0037,30
r1wjxdu30,2020-07-01,0.9659,0.0079,0.0088,0.0128,0.0043,31
r1wjxdu30,2020-08-01,0.9664,0.0072,0.0085,0.0131,0.0044,31
r1wjxdu30,2020-09-01,0.967,0.0064,0.0083,0.0133,0.0046,30
r1wjxdu30,2020-10-01,0.967,0.0061,0.0084,0.0135,0.0048,31
r1wjxdu30,2020-11-01,0.9645,0.0071,0.0101,0.0128,0.0052,30
r1wjxdu30,2020-12-01,0.9619,0.0083,0.0117,0.0122,0.0055,31
r1wjxdu30,2021-01-01,0.9624,0.0081,0.0126,0.0113,0.0052,31
r1wjxdu30,2021-02-01,0.9636,0.0087,0.012,0.0107,0.0045,28
r1wjxdu30,2021-03-01,0.963,0.0105,0.011,0.0109,0.0042,31
r1wjxdu30,2021-04-01,0.9655,0.01,0.0099,0.0103,0.004,30
r1wjxdu30,2021-05-01,0.9659,0.0092,0.009,0.0117,0.004,31
r1wjxdu30,2021-06-01,0.9674,0.0096,0.0075,0.0115,0.0037,30
r1wjxdu30,2021-07-01,0.9681,0.0078,0.007,0.013,0.0037,31
r1wjxdu30,2021-08-01,0.9698,0.0079,0.0062,0.0123,0.0033,31
r1wjxdu30,2021-09-01,0.9683,0.0077,0.0074,0.0125,0.0039,30
r1wjxdu30,2021-10-01,0.9665,0.0073,0.0086,0.0127,0.0045,31
r1wjxdu30,2021-11-01,0.9656,0.0074,0.0097,0.0126,0.0044,30
r1wjxdu30,2021-12-01,0.9655,0.0081,0.0102,0.0122,0.0038,31
r1wjxdu30,2022-01-01,0.9645,0.0095,0.0105,0.0107,0.0044,31
r1wjxdu30,2022-02-01,0.9641,0.0105,0.0107,0.0098,0.0044,28
r1wjxdu30,2022-03-01,0.9646,0.0108,0.0108,0.0093,0.0042,31
r1wjxdu30,2022-04-01,0.9663,0.0106,0.0097,0.0089,0.0042,30
r1wjxdu30,2022-05-01,0.9678,0.011,0.0083,0.0087,0.0038,31
r1wjxdu30,2022-06-01,0.9687,0.0117,0.007,0.0087,0.0036,30
r1wjxdu30,2022-07-01,0.9662,0.0094,0.0077,0.0127,0.0037,31
r1wjxdu30,2022-08-01,0.9668,0.0087,0.008,0.0125,0.0037,31
r1wjxdu30,2022-09-01,0.9671,0.0082,0.0085,0.0125,0.0034,30
r1wjxdu30,2022-10-01,0.9659,0.0082,0.0099,0.0122,0.0035,31
r1wjxdu30,2022-11-01,0.9608,0.0112,0.0119,0.0112,0.0046,30
r1wjxdu30,2022-12-01,0.958,0.0124,0.0136,0.0114,0.0041,31
r1wjxdu30,2023-01-01,0.9611,0.0103,0.0142,0.0102,0.0037,31
r1wjxdu30,2023-02-01,0.9597,0.0114,0.0148,0.0095,0.004,28
r1wjxdu30,2023-03-01,0.9584,0.0118,0.0157,0.0095,0.0041,31
r1wjxdu30,2023-04-01,0.9592,0.0125,0.0141,0.0095,0.0042,30
r1wjxdu30,2023-05-01,0.96,0.013,0.0125,0.0097,0.0044,31
r1wjxdu30,2023-06-01,0.9611,0.012,0.011,0.0107,0.0047,30
r1wjxdu30,2023-07-01,0.9623,0.011,0.0096,0.0117,0.0049,31
r1wjxdu30,2023-08-01,0.9638,0.0103,0.0093,0.012,0.0043,31
r1wjxdu30,2023-09-01,0.9635,0.0099,0.0101,0.0122,0.0039,30
r1wjxdu30,2023-10-01,0.9608,0.01,0.0126,0.0124,0.0038,31
r1wjxdu30,2023-11-01,0.9591,0.0122,0.0127,0.0118,0.0038,30
r1wjxdu30,2023-12-01,0.9588,0.0131,0.0128,0.0108,0.0041,23
r1wm1z1wu,1986-08-01,0.9486,0.0189,0.0093,0.0179,0.0049,6
r1wm1z1wu,1986-09-01,0.9478,0.0189,0.0096,0.0183,0.0051,30
r1wm1z1wu,1986-10-01,0.9463,0.0189,0.0101,0.0188,0.0054,31
r1wm1z1wu,1986-11-01,0.9448,0.019,0.0107,0.0194,0.0056,30
r1wm1z1wu,1986-12-01,0.9434,0.019,0.0112,0.02,0.0059,31
r1wm1z1wu,1987-01-01,0.9419,0.019,0.0118,0.0206,0.0062,31
r1wm1z1wu,1987-02-01,0.9405,0.0191,0.0123,0.0212,0.0065,28
r1wm1z1wu,1987-03-01,0.939,0.0191,0.0129,0.0218,0.0067,31
r1wm1z1wu,1987-04-01,0.9376,0.0192,0.0134,0.0223,0.007,30
r1wm1z1wu,1987-05-01,0.9361,0.0192,0.014,0.0229,0.0073,31
r1wm1z1wu,1987-06-01,0.9346,0.0192,0.0145,0.0235,0.0075,30
r1wm1z1wu,1987-07-01,0.933,0.0195,0.0148,0.0239,0.0081,31
r1wm1z1wu,1987-08-01,0.9305,0.0211,0.0143,0.0232,0.0104,31
r1wm1z1wu,1987-09-01,0.9348,0.0197,0.0142,0.0224,0.0088,30
r1wm1z1wu,1987-10-01,0.9326,0.022,0.0173,0.021,0.0069,31
r1wm1z1wu,1987-11-01,0.9323,0.0229,0.0183,0.0195,0.0059,30
r1wm1z1wu,1987-12-01,0.9353,0.0211,0.0178,0.0192,0.0051,31
r1wm1z1wu,1988-01-01,0.9381,0.022,0.0176,0.0151,0.008,31
r1wm1z1wu,1988-02-01,0.9319,0.0253,0.0184,0.0167,0.0073,29
r1wm1z1wu,1988-03-01,0.93,0.0301,0.0172,0.0166,0.0077,31
r1wm1z1wu,1988-04-01,0.9322,0.0281,0.0164,0.0168,0.0061,30
r1wm1z1wu,1988-05-01,0.9315,0.0281,0.0167,0.0176,0.0056,31
r1wm1z1wu,1988-06-01,0.9322,0.0313,0.0155,0.0154,0.0053,30
r1wm1z1wu,1988-07-01,0.9349,0.0298,0.0138,0.0149,0.006,31
r1wm1z1wu,1988-08-01,0.9309,0.025,0.0169,0.0194,0.0071,31
r1wm1z1wu,1988-09-01,0.9266,0.0255,0.0182,0.0191,0.01,30
r1wm1z1wu,1988-10-01,0.9017,0.0322,0.0265,0.0217,0.0172,31
r1wm1z1wu,1988-11-01,0.9255,0.0309,0.0185,0.0176,0.0069,30
r1wm1z1wu,1988-12-01,0.934,0.0256,0.02,0.0136,0.0076,31
r1wm1z1wu,1989-01-01,0.9311,0.0308,0.019,0.0136,0.0057,31
r1wm1z1wu,1989-02-01,0.927,0.0289,0.0194,0.0169,0.0061,28
r1wm1z1wu,1989-03-01,0.9289,0.0256,0.0197,0.0171,0.0081,31
r1wm1z1wu,1989-04-01,0.9258,0.0302,0.019,0.0158,0.0087,30
r1wm1z1wu,1989-05-01,0.9266,0.0256,0.0215,0.0194,0.0062,31
r1wm1z1wu,1989-06-01,0.9302,0.0168,0.0227,0.0215,0.0081,30
r1wm1z1wu,1989-07-01,0.9296,0.0176,0.0209,0.0216,0.0089,31
r1wm1z1wu,1989-08-01,0.9274,0.0239,0.0175,0.0208,0.0099,31
r1wm1z1wu,1989-09-01,0.9232,0.0215,0.021,0.0229,0.0102,30
r1wm1z1wu,1989-10-01,0.9226,0.0306,0.0196,0.0191,0.0077,31
r1wm1z1wu,1989-11-01,0.9233,0.031,0.02,0.0172,0.0079,30
r1wm1z1wu,1989-12-01,0.9269,0.0198,0.0202,0.0237,0.008,31
r1wm1z1wu,1990-01-01,0.9244,0.02,0.0216,0.0249,0.0085,31
r1wm1z1wu,1990-02-01,0.9217,0.023,0.0232,0.0234,0.0081,28
r1wm1z1wu,1990-03-01,0.9191,0.0268,0.0237,0.0226,0.0079,31
r1wm1z1wu,1990-04-01,0.9254,0.0288,0.021,0.018,0.0072,30
r1wm1z1wu,1990-05-01,0.9306,0.0234,0.0216,0.0182,0.0058,31
r1wm1z1wu,1990-06-01,0.9316,0.024,0.0191,0.0172,0.0055,30
r1wm1z1wu,1990-07-01,0.9245,0.0233,0.02,0.0218,0.0096,31
r1wm1z1wu,1990-08-01,0.9277,0.0223,0.018,0.0227,0.0087,31
r1wm1z1wu,1990-09-01,0.9297,0.0217,0.0166,0.0215,0.0082,30
r1wm1z1wu,1990-10-01,0.9301,0.0224,0.018,0.0201,0.009,31
r1wm1z1wu,1990-11-01,0.9267,0.0272,0.0193,0.0188,0.0076,30
r1wm1z1wu,1990-12-01,0.9249,0.029,0.0201,0.0193,0.006,31
r1wm1z1wu,1991-01-01,0.9307,0.0223,0.0206,0.0178,0.0098,31
r1wm1z1wu,1991-02-01,0.9217,0.0281,0.0209,0.0199,0.0089,28
r1wm1z1wu,1991-03-01,0.9276,0.0235,0.0195,0.0198,0.0087,31
r1wm1z1wu,1991-04-01,0.9273,0.0253,0.0196,0.0177,0.0094,30
r1wm1z1wu,1991-05-01,0.9259,0.0278,0.0179,0.0177,0.0094,31
r1wm1z1wu,1991-06-01,0.9316,0.0348,0.0135,0.0139,0.0063,30
r1wm1z1wu,1991-07-01,0.9285,0.033,0.0152,0.0154,0.0074,31
r1wm1z1wu,1991-08-01,0.9265,0.0275,0.017,0.019,0.0094,31
r1wm1z1wu,1991-09-01,0.9257,0.0288,0.0177,0.019,0.0086,30
r1wm1z1wu,1991-10-01,0.9191,0.0283,0.0199,0.0223,0.0084,31
r1wm1z1wu,1991-11-01,0.9263,0.0258,0.0169,0.0238,0.0066,30
r1wm1z1wu,1991-12-01,0.9318,0.026,0.0153,0.0209,0.0056,31
r1wm1z1wu,1992-01-01,0.9262,0.0289,0.0178,0.0203,0.0067,31
r1wm1z1wu,1992-02-01,0.9264,0.029,0.0184,0.019,0.007,29
r1wm1z1wu,1992-03-01,0.9211,0.0273,0.0198,0.0237,0.0074,31
r1wm1z1wu,1992-04-01,0.9184,0.0292,0.021,0.0229,0.0086,30
r1wm1z1wu,1992-05-01,0.923,0.0368,0.0155,0.0166,0.0077,31
r1wm1z1wu,1992-06-01,0.9204,0.036,0.0162,0.0192,0.0077,30
r1wm1z1wu,1992-07-01,0.92,0.0297,0.0176,0.0234,0.0102,31
r1wm1z1wu,1992-08-01,0.919,0.0382,0.0166,0.0191,0.0075,31
r1wm1z1wu,1992-09-01,0.9222,0.0342,0.0174,0.0166,0.0088,30
r1wm1z1wu,1992-10-01,0.9218,0.0377,0.0182,0.0125,0.009,31
r1wm1z1wu,1992-11-01,0.9262,0.0318,0.0199,0.0132,0.0083,30
r1wm1z1wu,1992-12-01,0.9322,0.0216,0.0222,0.0156,0.0078,31
r1wm1z1wu,1993-01-01,0.9313,0.022,0.0238,0.0163,0.0053,31
r1wm1z1wu,1993-02-01,0.9171,0.0297,0.0253,0.0181,0.0083,28
r1wm1z1wu,1993-03-01,0.9167,0.0323,0.0241,0.0182,0.0078,31
r1wm1z1wu,1993-04-01,0.9136,0.0297,0.0238,0.0202,0.0099,30
r1wm1z1wu,1993-05-01,0.9174,0.0394,0.0183,0.0164,0.0079,31
r1wm1z1wu,1993-06-01,0.9191,0.0309,0.0183,0.0223,0.0087,30
r1wm1z1wu,1993-07-01,0.9238,0.0269,0.0173,0.0222,0.0091,31
r1wm1z1wu,1993-08-01,0.925,0.025,0.0175,0.0215,0.0102,31
r1wm1z1wu,1993-09-01,0.9233,0.025,0.0197,0.0213,0.0101,30
r1wm1z1wu,1993-10-01,0.9325,0.0293,0.016,0.0156,0.0061,31
r1wm1z1wu,1993-11-01,0.9244,0.0235,0.0201,0.0225,0.0076,30
r1wm1z1wu,1993-12-01,0.9288,0.0298,0.016,0.0152,0.0097,31
r1wm1z1wu,1994-01-01,0.9342,0.0292,0.0161,0.0137,0.0063,31
r1wm1z1wu,1994-02-01,0.9339,0.0267,0.0192,0.0159,0.005,28
r1wm1z1wu,1994-03-01,0.9239,0.0321,0.0211,0.015,0.0073,31
r1wm1z1wu,1994-04-01,0.9131,0.036,0.0213,0.0171,0.0123,30
r1wm1z1wu,1994-05-01,0.9218,0.0304,0.018,0.018,0.0081,31
r1wm1z1wu,1994-06-01,0.9125,0.0243,0.0219,0.0251,0.0149,30
r1wm1z1wu,1994-07-01,0.9067,0.041,0.0141,0.018,0.0173,31
r1wm1z1wu,1994-08-01,0.9364,0.0189,0.0135,0.0204,0.0096,31
r1wm1z1wu,1994-09-01,0.9283,0.0216,0.0139,0.0257,0.0099,30
r1wm1z1wu,1994-10-01,0.9282,0.0263,0.0142,0.0237,0.0074,31
r1wm1z1wu,1994-11-01,0.9208,0.0226,0.018,0.0261,0.012,30
r1wm1z1wu,1994-12-01,0.9263,0.0236,0.018,0.0217,0.0098,31
r1wm1z1wu,1995-01-01,0.9291,0.0253,0.0178,0.0166,0.0106,31
r1wm1z1wu,1995-02-01,0.9312,0.0247,0.018,0.0155,0.01,28
r1wm1z1wu,1995-03-01,0.9287,0.0285,0.0181,0.0155,0.0085,31
r1wm1z1wu,1995-04-01,0.9277,0.031,0.0175,0.0159,0.0075,30
r1wm1z1wu,1995-05-01,0.9407,0.0327,0.0119,0.0101,0.0043,31
r1wm1z1wu,1995-06-01,0.9289,0.0332,0.0164,0.0134,0.0064,30
r1wm1z1wu,1995-07-01,0.9346,0.0374,0.0124,0.0108,0.005,31
r1wm1z1wu,1995-08-01,0.9362,0.0276,0.0152,0.0133,0.0072,31
r1wm1z1wu,1995-09-01,0.936,0.0199,0.0185,0.0162,0.0089,30
r1wm1z1wu,1995-10-01,0.9338,0.0204,0.0198,0.0176,0.0078,31
r1wm1z1wu,1995-11-01,0.931,0.0227,0.0208,0.0188,0.0072,30
r1wm1z1wu,1995-12-01,0.9314,0.0256,0.0172,0.0169,0.008,31
r1wm1z1wu,1996-01-01,0.9321,0.0233,0.0207,0.0175,0.0068,31
r1wm1z1wu,1996-02-01,0.9284,0.0312,0.0182,0.0149,0.0064,29
r1wm1z1wu,1996-03-01,0.9239,0.0323,0.0192,0.0162,0.0069,31
r1wm1z1wu,1996-04-01,0.9305,0.0305,0.0174,0.0137,0.0063,30
r1wm1z1wu,1996-05-01,0.9252,0.0347,0.0174,0.0149,0.0073,31
r1wm1z1wu,1996-06-01,0.9214,0.0346,0.0176,0.0165,0.0095,30
r1wm1z1wu,1996-07-01,0.9218,0.0238,0.0192,0.0235,0.0107,31
r1wm1z1wu,1996-08-01,0.9153,0.0241,0.022,0.0245,0.0132,31
r1wm1z1wu,1996-09-01,0.9126,0.0272,0.0223,0.0232,0.0142,30
r1wm1z1wu,1996-10-01,0.9111,0.0237,0.026,0.0256,0.0122,31
r1wm1z1wu,1996-11-01,0.9191,0.0239,0.0238,0.0231,0.0094,30
r1wm1z1wu,1996-12-01,0.9279,0.026,0.0185,0.0195,0.0072,31
r1wm1z1wu,1997-01-01,0.9368,0.0299,0.0165,0.012,0.0064,31
r1wm1z1wu,1997-02-01,0.9305,0.0361,0.0163,0.0117,0.0056,28
r1wm1z1wu,1997-03-01,0.9223,0.0407,0.018,0.0117,0.0072,31
r1wm1z1wu,1997-04-01,0.9296,0.0433,0.0129,0.0089,0.0055,30
r1wm1z1wu,1997-05-01,0.9287,0.0471,0.0119,0.0079,0.0039,31
r1wm1z1wu,1997-06-01,0.9273,0.037,0.0159,0.0138,0.0054,30
r1wm1z1wu,1997-07-01,0.9253,0.0315,0.0169,0.0182,0.0069,31
r1wm1z1wu,1997-08-01,0.9245,0.0251,0.0181,0.0234,0.0112,31
r1wm1z1wu,1997-09-01,0.9296,0.0207,0.0177,0.0217,0.0095,30
r1wm1z1wu,1997-10-01,0.9209,0.0239,0.0211,0.0237,0.0092,31
r1wm1z1wu,1997-11-01,0.9231,0.0245,0.0188,0.0241,0.009,30
r1wm1z1wu,1997-12-01,0.9258,0.0258,0.0179,0.0215,0.0084,31
r1wm1z1wu,1998-01-01,0.9275,0.0279,0.0187,0.0189,0.0073,31
r1wm1z1wu,1998-02-01,0.9193,0.0275,0.0212,0.0207,0.0086,28
r1wm1z1wu,1998-03-01,0.9204,0.0239,0.0199,0.0224,0.0129,31
r1wm1z1wu,1998-04-01,0.9218,0.0292,0.0192,0.0207,0.0076,30
r1wm1z1wu,1998-05-01,0.9245,0.0283,0.0195,0.0198,0.0073,31
r1wm1z1wu,1998-06-01,0.924,0.03,0.0179,0.0188,0.0089,30
r1wm1z1wu,1998-07-01,0.9154,0.0254,0.0181,0.027,0.0133,31
r1wm1z1wu,1998-08-01,0.9269,0.0267,0.0149,0.0222,0.0086,31
r1wm1z1wu,1998-09-01,0.9254,0.0243,0.0175,0.0232,0.0091,30
r1wm1z1wu,1998-10-01,0.9239,0.0279,0.0195,0.02,0.0089,31
r1wm1z1wu,1998-11-01,0.9249,0.0294,0.0194,0.0161,0.0097,30
r1wm1z1wu,1998-12-01,0.9252,0.0295,0.0195,0.0155,0.0082,31
r1wm1z1wu,1999-01-01,0.9166,0.0366,0.0223,0.0168,0.0078,31
r1wm1z1wu,1999-02-01,0.9234,0.0354,0.0205,0.0148,0.0064,28
r1wm1z1wu,1999-03-01,0.9231,0.0304,0.0216,0.0166,0.0076,31
r1wm1z1wu,1999-04-01,0.9203,0.0316,0.0204,0.0173,0.0084,30
r1wm1z1wu,1999-05-01,0.9215,0.0289,0.0199,0.0189,0.0097,31
r1wm1z1wu,1999-06-01,0.9315,0.0267,0.0161,0.0174,0.0074,30
r1wm1z1wu,1999-07-01,0.921,0.031,0.0186,0.019,0.0114,31
r1wm1z1wu,1999-08-01,0.9214,0.0283,0.0187,0.0214,0.0095,31
r1wm1z1wu,1999-09-01,0.9223,0.0267,0.0197,0.0217,0.009,30
r1wm1z1wu,1999-10-01,0.924,0.0274,0.0202,0.0198,0.0081,31
r1wm1z1wu,1999-11-01,0.9212,0.0277,0.0224,0.0211,0.008,30
r1wm1z1wu,1999-12-01,0.9254,0.0297,0.0195,0.0173,0.0076,31
r1wm1z1wu,2000-01-01,0.9257,0.0295,0.0217,0.0167,0.0068,31
r1wm1z1wu,2000-02-01,0.9248,0.031,0.0223,0.0159,0.0052,29
r1wm1z1wu,2000-03-01,0.9221,0.0322,0.0227,0.0174,0.0059,31
r1wm1z1wu,2000-04-01,0.9249,0.0272,0.0227,0.0172,0.0072,30
r1wm1z1wu,2000-05-01,0.9233,0.0337,0.0193,0.016,0.0073,31
r1wm1z1wu,2000-06-01,0.9229,0.0317,0.019,0.0185,0.0071,30
r1wm1z1wu,2000-07-01,0.9213,0.0292,0.0182,0.0214,0.0092,31
r1wm1z1wu,2000-08-01,0.9224,0.028,0.0171,0.0206,0.0112,31
r1wm1z1wu,2000-09-01,0.9204,0.028,0.0187,0.0206,0.0116,30
r1wm1z1wu,2000-10-01,0.9232,0.0235,0.0218,0.0217,0.009,31
r1wm1z1wu,2000-11-01,0.9245,0.0273,0.022,0.0184,0.0075,30
r1wm1z1wu,2000-12-01,0.922,0.0295,0.0222,0.0193,0.0059,31
r1wm1z1wu,2001-01-01,0.915,0.037,0.0233,0.0187,0.0061,31
r1wm1z1wu,2001-02-01,0.9211,0.0292,0.0244,0.0165,0.0066,28
r1wm1z1wu,2001-03-01,0.9118,0.0374,0.0262,0.0181,0.0112,31
r1wm1z1wu,2001-04-01,0.9189,0.0339,0.0218,0.0169,0.0077,30
r1wm1z1wu,2001-05-01,0.9265,0.0318,0.0186,0.0139,0.0087,31
r1wm1z1wu,2001-06-01,0.9324,0.0329,0.0145,0.0123,0.0076,30
r1wm1z1wu,2001-07-01,0.9314,0.0286,0.0152,0.0156,0.0085,31
r1wm1z1wu,2001-08-01,0.9298,0.0234,0.0165,0.0198,0.0098,31
r1wm1z1wu,2001-09-01,0.922,0.0246,0.0199,0.022,0.0107,30
r1wm1z1wu,2001-10-01,0.9256,0.0303,0.0192,0.0168,0.0075,31
r1wm1z1wu,2001-11-01,0.9245,0.0323,0.0184,0.0159,0.0083,30
r1wm1z1wu,2001-12-01,0.9264,0.0302,0.0175,0.0177,0.0073,31
r1wm1z1wu,2002-01-01,0.9283,0.0283,0.0189,0.0169,0.0062,31
r1wm1z1wu,2002-02-01,0.9207,0.0354,0.0214,0.0159,0.0063,28
r1wm1z1wu,2002-03-01,0.9231,0.0346,0.0204,0.016,0.0068,31
r1wm1z1wu,2002-04-01,0.9237,0.0303,0.0195,0.016,0.0083,30
r1wm1z1wu,2002-05-01,0.9062,0.023,0.0264,0.0245,0.0187,31
r1wm1z1wu,2002-06-01,0.9085,0.0241,0.0236,0.0266,0.0164,30
r1wm1z1wu,2002-07-01,0.9088,0.0255,0.0209,0.026,0.0174,31
r1wm1z1wu,2002-08-01,0.9153,0.0179,0.0176,0.0327,0.0143,31
r1wm1z1wu,2002-09-01,0.9172,0.0139,0.0177,0.0365,0.0141,30
r1wm1z1wu,2002-10-01,0.9204,0.0174,0.0195,0.0305,0.0113,31
r1wm1z1wu,2002-11-01,0.9206,0.0222,0.0198,0.0256,0.0111,30
r1wm1z1wu,2002-12-01,0.9365,0.0161,0.0189,0.0199,0.0087,31
r1wm1z1wu,2003-01-01,0.9274,0.0222,0.0225,0.0184,0.0087,31
r1wm1z1wu,2003-02-01,0.9252,0.0362,0.0157,0.0175,0.0048,28
r1wm1z1wu,2003-03-01,0.9185,0.0278,0.0211,0.0229,0.0103,31
r1wm1z1wu,2003-04-01,0.9159,0.025,0.0224,0.0252,0.0108,30
r1wm1z1wu,2003-05-01,0.9117,0.0263,0.0229,0.0271,0.0111,31
r1wm1z1wu,2003-06-01,0.9112,0.0232,0.0257,0.0272,0.0118,30
r1wm1z1wu,2003-07-01,0.9086,0.0213,0.0265,0.0277,0.0152,31
r1wm1z1wu,2003-08-01,0.9093,0.0206,0.0265,0.0298,0.0123,31
r1wm1z1wu,2003-09-01,0.9111,0.0193,0.0271,0.0299,0.0111,30
r1wm1z1wu,2003-10-01,0.9146,0.0206,0.0275,0.0279,0.008,31
r1wm1z1wu,2003-11-01,0.9148,0.021,0.0273,0.0292,0.007,30
r1wm1z1wu,2003-12-01,0.9174,0.027,0.026,0.0229,0.006,31
r1wm1z1wu,2004-01-01,0.9153,0.0327,0.0245,0.0195,0.0073,31
r1wm1z1wu,2004-02-01,0.9153,0.0353,0.0226,0.0184,0.0078,29
r1wm1z1wu,2004-03-01,0.9138,0.0387,0.0213,0.0181,0.0088,31
r1wm1z1wu,2004-04-01,0.915,0.0338,0.022,0.0206,0.0077,30
r1wm1z1wu,2004-05-01,0.9113,0.0269,0.0248,0.0254,0.0106,31
r1wm1z1wu,2004-06-01,0.907,0.0204,0.027,0.0313,0.0134,30
r1wm1z1wu,2004-07-01,0.9079,0.019,0.0259,0.0309,0.0125,31
r1wm1z1wu,2004-08-01,0.9091,0.0164,0.0251,0.0365,0.0118,31
r1wm1z1wu,2004-09-01,0.9118,0.0181,0.0247,0.0334,0.0111,30
r1wm1z1wu,2004-10-01,0.9153,0.0238,0.0229,0.0263,0.011,31
r1wm1z1wu,2004-11-01,0.9174,0.0265,0.0231,0.0216,0.011,30
r1wm1z1wu,2004-12-01,0.9309,0.0181,0.0237,0.0193,0.0069,31
r1wm1z1wu,2005-01-01,0.9212,0.0292,0.0235,0.0172,0.0075,31
r1wm1z1wu,2005-02-01,0.9172,0.0322,0.0239,0.0179,0.0078,28
r1wm1z1wu,2005-03-01,0.9167,0.0308,0.0241,0.019,0.0083,31
r1wm1z1wu,2005-04-01,0.9114,0.0265,0.0269,0.0245,0.0101,30
r1wm1z1wu,2005-05-01,0.9052,0.0247,0.0284,0.0274,0.0134,31
r1wm1z1wu,2005-06-01,0.915,0.026,0.0231,0.0238,0.0111,30
r1wm1z1wu,2005-07-01,0.9145,0.0223,0.0231,0.0262,0.0139,31
r1wm1z1wu,2005-08-01,0.9161,0.0202,0.0227,0.0272,0.0132,31
r1wm1z1wu,2005-09-01,0.9135,0.0201,0.0253,0.0281,0.0121,30
r1wm1z1wu,2005-10-01,0.9062,0.0195,0.0306,0.0278,0.0142,31
r1wm1z1wu,2005-11-01,0.9066,0.0236,0.0297,0.0268,0.0124,30
r1wm1z1wu,2005-12-01,0.9081,0.0279,0.0281,0.0258,0.0093,31
r1wm1z1wu,2006-01-01,0.9092,0.0323,0.0269,0.0248,0.0066,31
r1wm1z1wu,2006-02-01,0.9102,0.0359,0.0252,0.021,0.0079,28
r1wm1z1wu,2006-03-01,0.9174,0.0342,0.0218,0.0163,0.0087,31
r1wm1z1wu,2006-04-01,0.9045,0.0314,0.0288,0.0235,0.0124,30
r1wm1z1wu,2006-05-01,0.9105,0.0255,0.0281,0.0241,0.011,31
r1wm1z1wu,2006-06-01,0.9099,0.0283,0.0247,0.0243,0.0131,30
r1wm1z1wu,2006-07-01,0.9146,0.0153,0.0246,0.0297,0.0132,31
r1wm1z1wu,2006-08-01,0.9379,0.0119,0.0168,0.0236,0.0088,31
r1wm1z1wu,2006-09-01,0.9139,0.0185,0.0235,0.0315,0.0123,30
r1wm1z1wu,2006-10-01,0.914,0.0209,0.0246,0.0279,0.0119,31
r1wm1z1wu,2006-11-01,0.9167,0.0247,0.0231,0.0247,0.0105,30
r1wm1z1wu,2006-12-01,0.9211,0.0268,0.0215,0.0209,0.0081,31
r1wm1z1wu,2007-01-01,0.9234,0.0214,0.0241,0.0202,0.0094,31
r1wm1z1wu,2007-02-01,0.9135,0.0277,0.0268,0.022,0.0098,28
r1wm1z1wu,2007-03-01,0.9151,0.0302,0.024,0.0195,0.0103,31
r1wm1z1wu,2007-04-01,0.9174,0.0244,0.0235,0.024,0.0098,30
r1wm1z1wu,2007-05-01,0.9187,0.0225,0.0247,0.0233,0.0101,31
r1wm1z1wu,2007-06-01,0.9228,0.02,0.0236,0.0237,0.0091,30
r1wm1z1wu,2007-07-01,0.9241,0.0304,0.0179,0.019,0.0071,31
r1wm1z1wu,2007-08-01,0.9258,0.0219,0.0191,0.023,0.0092,31
r1wm1z1wu,2007-09-01,0.92,0.018,0.0221,0.0282,0.0104,30
r1wm1z1wu,2007-10-01,0.9198,0.0177,0.0235,0.0281,0.0102,31
r1wm1z1wu,2007-11-01,0.9222,0.0176,0.0235,0.026,0.0099,30
r1wm1z1wu,2007-12-01,0.9246,0.0176,0.0235,0.024,0.0096,31
r1wm1z1wu,2008-01-01,0.9274,0.0177,0.0237,0.0223,0.0081,31
r1wm1z1wu,2008-02-01,0.9136,0.0321,0.0244,0.0224,0.0077,29
r1wm1z1wu,2008-03-01,0.915,0.0308,0.0233,0.0209,0.0092,31
r1wm1z1wu,2008-04-01,0.9168,0.0286,0.0225,0.0213,0.0102,30
r1wm1z1wu,2008-05-01,0.9185,0.0264,0.0216,0.0216,0.0111,31
r1wm1z1wu,2008-06-01,0.9203,0.0242,0.0208,0.0219,0.0121,30
r1wm1z1wu,2008-07-01,0.9221,0.022,0.0199,0.0223,0.0131,31
r1wm1z1wu,2008-08-01,0.9238,0.0197,0.0191,0.0226,0.0141,31
r1wm1z1wu,2008-09-01,0.9253,0.0175,0.0184,0.0229,0.015,30
r1wm1z1wu,2008-10-01,0.9159,0.0163,0.0233,0.028,0.0151,31
r1wm1z1wu,2008-11-01,0.9203,0.0136,0.0221,0.0276,0.0163,30
r1wm1z1wu,2008-12-01,0.9061,0.0158,0.025,0.0287,0.0218,31
r1wm1z1wu,2009-01-01,0.9146,0.0206,0.0257,0.0262,0.0128,31
r1wm1z1wu,2009-02-01,0.9167,0.0238,0.0227,0.0243,0.0118,28
r1wm1z1wu,2009-03-01,0.9176,0.0272,0.0227,0.0217,0.0101,31
r1wm1z1wu,2009-04-01,0.9174,0.0267,0.0231,0.0217,0.0102,30
r1wm1z1wu,2009-05-01,0.9157,0.0268,0.0232,0.0241,0.0095,31
r1wm1z1wu,2009-06-01,0.9135,0.021,0.0258,0.0284,0.0105,30
r1wm1z1wu,2009-07-01,0.9146,0.0192,0.0248,0.0294,0.0111,31
r1wm1z1wu,2009-08-01,0.9158,0.0173,0.0239,0.0304,0.0118,31
r1wm1z1wu,2009-09-01,0.9108,0.0214,0.0235,0.0299,0.0139,30
r1wm1z1wu,2009-10-01,0.9174,0.0214,0.0237,0.0257,0.0113,31
r1wm1z1wu,2009-11-01,0.9229,0.0191,0.0242,0.0264,0.0082,30
r1wm1z1wu,2009-12-01,0.9218,0.0239,0.0245,0.019,0.0093,31
r1wm1z1wu,2010-01-01,0.9211,0.0295,0.0234,0.0171,0.0084,31
r1wm1z1wu,2010-02-01,0.9206,0.0341,0.022,0.0152,0.0073,28
r1wm1z1wu,2010-03-01,0.9232,0.0309,0.0215,0.0149,0.009,31
r1wm1z1wu,2010-04-01,0.9132,0.0288,0.0251,0.0183,0.0139,30
r1wm1z1wu,2010-05-01,0.9098,0.0252,0.0262,0.0211,0.0171,31
r1wm1z1wu,2010-06-01,0.9104,0.0246,0.026,0.0231,0.0151,30
r1wm1z1wu,2010-07-01,0.9111,0.0241,0.0259,0.0251,0.0131,31
r1wm1z1wu,2010-08-01,0.9117,0.0235,0.0258,0.0272,0.011,31
r1wm1z1wu,2010-09-01,0.9068,0.0221,0.0279,0.0315,0.011,30
r1wm1z1wu,2010-10-01,0.9006,0.0191,0.0314,0.0357,0.0122,31
r1wm1z1wu,2010-11-01,0.9082,0.0221,0.03,0.0301,0.01,30
r1wm1z1wu,2010-12-01,0.8737,0.0335,0.0408,0.0376,0.0131,31
r1wm1z1wu,2011-01-01,0.8162,0.1273,0.0269,0.0206,0.0083,31
r1wm1z1wu,2011-02-01,0.9031,0.0393,0.0268,0.0187,0.0076,28
r1wm1z1wu,2011-03-01,0.9171,0.0192,0.0253,0.0256,0.0119,31
r1wm1z1wu,2011-04-01,0.9028,0.0169,0.0277,0.0369,0.0146,30
r1wm1z1wu,2011-05-01,0.9059,0.0169,0.0266,0.0352,0.0144,31
r1wm1z1wu,2011-06-01,0.909,0.0169,0.0255,0.0335,0.0141,30
r1wm1z1wu,2011-07-01,0.9121,0.0169,0.0243,0.0319,0.0139,31
r1wm1z1wu,2011-08-01,0.9152,0.0169,0.0232,0.0302,0.0136,31
r1wm1z1wu,2011-09-01,0.9177,0.0202,0.0225,0.0272,0.0116,30
r1wm1z1wu,2011-10-01,0.9187,0.0204,0.0234,0.0246,0.0115,31
r1wm1z1wu,2011-11-01,0.9218,0.0183,0.0236,0.0253,0.0104,30
r1wm1z1wu,2011-12-01,0.9219,0.0194,0.0234,0.0246,0.01,31
r1wm1z1wu,2012-01-01,0.9219,0.0207,0.0232,0.0239,0.0096,31
r1wm1z1wu,2012-02-01,0.922,0.0219,0.0231,0.0233,0.0091,29
r1wm1z1wu,2012-03-01,0.922,0.0231,0.0229,0.0226,0.0087,31
r1wm1z1wu,2012-04-01,0.9221,0.0243,0.0227,0.0219,0.0083,30
r1wm1z1wu,2012-05-01,0.9221,0.0255,0.0226,0.0212,0.0079,31
r1wm1z1wu,2012-06-01,0.9221,0.0267,0.0224,0.0205,0.0075,30
r1wm1z1wu,2012-07-01,0.9222,0.028,0.0222,0.0199,0.0071,31
r1wm1z1wu,2012-08-01,0.9222,0.0292,0.0221,0.0192,0.0066,31
r1wm1z1wu,2012-09-01,0.9223,0.0304,0.0219,0.0185,0.0062,30
r1wm1z1wu,2012-10-01,0.9223,0.0317,0.0217,0.0178,0.0058,31
r1wm1z1wu,2012-11-01,0.9224,0.0329,0.0216,0.0171,0.0054,30
r1wm1z1wu,2012-12-01,0.9224,0.0341,0.0214,0.0164,0.005,31
r1wm1z1wu,2013-01-01,0.9225,0.0354,0.0212,0.0157,0.0046,31
r1wm1z1wu,2013-02-01,0.9225,0.0365,0.0211,0.0151,0.0042,28
r1wm1z1wu,2013-03-01,0.9226,0.0377,0.0209,0.0144,0.0038,31
r1wm1z1wu,2013-04-01,0.9251,0.0358,0.02,0.014,0.004,30
r1wm1z1wu,2013-05-01,0.9248,0.034,0.0199,0.0149,0.0057,31
r1wm1z1wu,2013-06-01,0.9197,0.0257,0.0207,0.0217,0.0102,30
r1wm1z1wu,2013-07-01,0.92,0.0218,0.0224,0.0264,0.0086,31
r1wm1z1wu,2013-08-01,0.9158,0.0214,0.0231,0.0299,0.009,31
r1wm1z1wu,2013-09-01,0.9184,0.018,0.023,0.0311,0.0089,30
r1wm1z1wu,2013-10-01,0.9246,0.02,0.0234,0.0243,0.0069,31
r1wm1z1wu,2013-11-01,0.9257,0.02,0.0228,0.0239,0.0063,30
r1wm1z1wu,2013-12-01,0.9242,0.0303,0.0215,0.0176,0.0057,31
r1wm1z1wu,2014-01-01,0.9226,0.0304,0.0244,0.0162,0.0049,31
r1wm1z1wu,2014-02-01,0.9187,0.0374,0.0235,0.015,0.0049,28
r1wm1z1wu,2014-03-01,0.9217,0.0355,0.0235,0.0137,0.0049,31
r1wm1z1wu,2014-04-01,0.9208,0.0374,0.0222,0.0134,0.0054,30
r1wm1z1wu,2014-05-01,0.9227,0.0436,0.0155,0.0109,0.0053,31
r1wm1z1wu,2014-06-01,0.9192,0.0384,0.0173,0.0099,0.0146,30
r1wm1z1wu,2014-07-01,0.9158,0.0296,0.0226,0.0194,0.0079,31
r1wm1z1wu,2014-08-01,0.9108,0.0204,0.0245,0.0343,0.0091,31
r1wm1z1wu,2014-09-01,0.9136,0.0207,0.0238,0.0317,0.0093,30
r1wm1z1wu,2014-10-01,0.913,0.0174,0.0257,0.0363,0.008,31
r1wm1z1wu,2014-11-01,0.9219,0.0184,0.0251,0.0266,0.0076,30
r1wm1z1wu,2014-12-01,0.9254,0.0211,0.0248,0.0216,0.0062,31
r1wm1z1wu,2015-01-01,0.9238,0.0248,0.0256,0.0189,0.006,31
r1wm1z1wu,2015-02-01,0.919,0.0299,0.026,0.0185,0.0051,28
r1wm1z1wu,2015-03-01,0.9187,0.0307,0.0253,0.018,0.0066,31
r1wm1z1wu,2015-04-01,0.9226,0.0381,0.0192,0.0149,0.0042,30
r1wm1z1wu,2015-05-01,0.9179,0.0296,0.0237,0.0193,0.0085,31
r1wm1z1wu,2015-06-01,0.9153,0.0255,0.0251,0.0248,0.0085,30
r1wm1z1wu,2015-07-01,0.9158,0.0202,0.0248,0.0291,0.0099,31
r1wm1z1wu,2015-08-01,0.9096,0.0161,0.0251,0.0388,0.0096,31
r1wm1z1wu,2015-09-01,0.91,0.0135,0.0248,0.041,0.0097,30
r1wm1z1wu,2015-10-01,0.9141,0.0154,0.0254,0.0352,0.0085,31
r1wm1z1wu,2015-11-01,0.9233,0.0165,0.0246,0.0244,0.0085,30
r1wm1z1wu,2015-12-01,0.924,0.0202,0.0277,0.021,0.0054,31
r1wm1z1wu,2016-01-01,0.9211,0.0258,0.0276,0.0199,0.0048,31
r1wm1z1wu,2016-02-01,0.9176,0.0331,0.026,0.017,0.0053,29
r1wm1z1wu,2016-03-01,0.9136,0.0362,0.0275,0.0166,0.0053,31
r1wm1z1wu,2016-04-01,0.9157,0.0321,0.0282,0.0162,0.0068,30
r1wm1z1wu,2016-05-01,0.9169,0.0292,0.027,0.0185,0.0074,31
r1wm1z1wu,2016-06-01,0.9166,0.0281,0.0255,0.0213,0.0076,30
r1wm1z1wu,2016-07-01,0.9163,0.027,0.0239,0.0241,0.0078,31
r1wm1z1wu,2016-08-01,0.9147,0.0254,0.0231,0.0277,0.0081,31
r1wm1z1wu,2016-09-01,0.9078,0.0201,0.0274,0.0334,0.0096,30
r1wm1z1wu,2016-10-01,0.8921,0.0211,0.0358,0.0373,0.0118,31
r1wm1z1wu,2016-11-01,0.9006,0.0182,0.0357,0.0334,0.0121,30
r1wm1z1wu,2016-12-01,0.907,0.0212,0.0324,0.0281,0.0103,31
r1wm1z1wu,2017-01-01,0.909,0.0258,0.0326,0.0231,0.0084,31
r1wm1z1wu,2017-02-01,0.9103,0.03,0.0321,0.0193,0.0074,28
r1wm1z1wu,2017-03-01,0.9091,0.0353,0.0304,0.0186,0.0062,31
r1wm1z1wu,2017-04-01,0.9118,0.0437,0.0233,0.015,0.0054,30
r1wm1z1wu,2017-05-01,0.9125,0.0584,0.0141,0.0107,0.0039,31
r1wm1z1wu,2017-06-01,0.9087,0.0381,0.0241,0.0204,0.0079,30
r1wm1z1wu,2017-07-01,0.9062,0.0255,0.0264,0.0302,0.0106,31
r1wm1z1wu,2017-08-01,0.9047,0.0195,0.028,0.0358,0.011,31
r1wm1z1wu,2017-09-01,0.9044,0.0139,0.0294,0.0426,0.0095,30
r1wm1z1wu,2017-10-01,0.9086,0.0131,0.0296,0.0371,0.0106,31
r1wm1z1wu,2017-11-01,0.9051,0.0178,0.0304,0.0366,0.0095,30
r1wm1z1wu,2017-12-01,0.9108,0.0234,0.0321,0.0244,0.0079,31
r1wm1z1wu,2018-01-01,0.9094,0.029,0.034,0.0196,0.0072,31
r1wm1z1wu,2018-02-01,0.9147,0.0286,0.0308,0.018,0.0063,28
r1wm1z1wu,2018-03-01,0.9089,0.0382,0.0284,0.0162,0.0061,31
r1wm1z1wu,2018-04-01,0.9087,0.0357,0.0296,0.019,0.006,30
r1wm1z1wu,2018-05-01,0.9088,0.0369,0.027,0.0191,0.0075,31
r1wm1z1wu,2018-06-01,0.911,0.035,0.0248,0.0196,0.0082,30
r1wm1z1wu,2018-07-01,0.9036,0.0234,0.0293,0.0295,0.0126,31
r1wm1z1wu,2018-08-01,0.9053,0.0188,0.0286,0.0346,0.0116,31
r1wm1z1wu,2018-09-01,0.9033,0.0154,0.0272,0.0413,0.011,30
r1wm1z1wu,2018-10-01,0.9077,0.0146,0.027,0.0388,0.0107,31
r1wm1z1wu,2018-11-01,0.9072,0.0181,0.0277,0.0349,0.0112,30
r1wm1z1wu,2018-12-01,0.9104,0.0174,0.0305,0.0298,0.0106,31
r1wm1z1wu,2019-01-01,0.9075,0.0225,0.0332,0.0241,0.0109,31
r1wm1z1wu,2019-02-01,0.9067,0.0233,0.0357,0.0226,0.0111,28
r1wm1z1wu,2019-03-01,0.9077,0.0246,0.0335,0.0224,0.0105,31
r1wm1z1wu,2019-04-01,0.909,0.0242,0.033,0.0228,0.0095,30
r1wm1z1wu,2019-05-01,0.9067,0.0315,0.0308,0.0212,0.0087,31
r1wm1z1wu,2019-06-01,0.9081,0.0333,0.0284,0.021,0.0085,30
r1wm1z1wu,2019-07-01,0.9082,0.0219,0.0311,0.0274,0.0102,31
r1wm1z1wu,2019-08-01,0.9056,0.0163,0.0297,0.0348,0.0118,31
r1wm1z1wu,2019-09-01,0.9041,0.013,0.0291,0.0398,0.0127,30
r1wm1z1wu,2019-10-01,0.9012,0.0149,0.03,0.0404,0.0114,31
r1wm1z1wu,2019-11-01,0.9,0.0146,0.0302,0.0424,0.0114,30
r1wm1z1wu,2019-12-01,0.892,0.016,0.0342,0.0436,0.0133,31
r1wm1z1wu,2020-01-01,0.8865,0.0158,0.0348,0.0477,0.0141,31
r1wm1z1wu,2020-02-01,0.8943,0.0166,0.0312,0.0466,0.0106,29
r1wm1z1wu,2020-03-01,0.9007,0.0169,0.0304,0.0398,0.0113,31
r1wm1z1wu,2020-04-01,0.9042,0.0191,0.0286,0.0361,0.0109,30
r1wm1z1wu,2020-05-01,0.9043,0.0223,0.0281,0.0334,0.0108,31
r1wm1z1wu,2020-06-01,0.905,0.0264,0.027,0.0295,0.011,30
r1wm1z1wu,2020-07-01,0.9072,0.0197,0.0276,0.033,0.0113,31
r1wm1z1wu,2020-08-01,0.9076,0.0172,0.0271,0.034,0.0131,31
r1wm1z1wu,2020-09-01,0.9037,0.0182,0.0305,0.0333,0.0133,30
r1wm1z1wu,2020-10-01,0.8993,0.0198,0.0342,0.0321,0.0134,31
r1wm1z1wu,2020-11-01,0.8944,0.0226,0.0374,0.0311,0.0133,30
r1wm1z1wu,2020-12-01,0.8902,0.0255,0.04,0.03,0.0132,31
r1wm1z1wu,2021-01-01,0.8913,0.0241,0.0397,0.0324,0.0109,31
r1wm1z1wu,2021-02-01,0.8955,0.0223,0.0374,0.0325,0.0112,28
r1wm1z1wu,2021-03-01,0.9019,0.0201,0.0349,0.0313,0.0106,31
r1wm1z1wu,2021-04-01,0.906,0.0231,0.0317,0.0279,0.0109,30
r1wm1z1wu,2021-05-01,0.8901,0.0192,0.0369,0.038,0.0138,31
r1wm1z1wu,2021-06-01,0.8913,0.0272,0.0347,0.0345,0.0108,30
r1wm1z1wu,2021-07-01,0.8886,0.0189,0.0367,0.0424,0.0124,31
r1wm1z1wu,2021-08-01,0.886,0.017,0.0377,0.043,0.0147,31
r1wm1z1wu,2021-09-01,0.8799,0.0161,0.0387,0.0436,0.0193,30
r1wm1z1wu,2021-10-01,0.8749,0.0162,0.0426,0.0451,0.02,31
r1wm1z1wu,2021-11-01,0.8608,0.0138,0.0456,0.0566,0.0212,30
r1wm1z1wu,2021-12-01,0.8217,0.0116,0.0515,0.0789,0.0339,31
r1wm1z1wu,2022-01-01,0.7443,0.0113,0.0622,0.1415,0.0402,31
r1wm1z1wu,2022-02-01,0.6018,0.0201,0.0685,0.1655,0.1314,28
r1wm1z1wu,2022-03-01,0.09,0.0292,0.1123,0.5645,0.1939,31
r1wm1z1wu,2022-04-01,0.0008,0.0003,0.1181,0.6516,0.2188,30
r1wm1z1wu,2022-05-01,0.0005,0.0002,0.1372,0.5664,0.2738,31
r1wm1z1wu,2022-06-01,0.0004,0.003,0.2021,0.5391,0.2415,30
r1wm1z1wu,2022-07-01,0.0002,0.0,0.2269,0.4876,0.2674,31
r1wm1z1wu,2022-08-01,0.0005,0.0011,0.3337,0.4661,0.1757,31
r1wm1z1wu,2022-09-01,0.0002,0.0015,0.4079,0.3816,0.1936,30
r1wm1z1wu,2022-10-01,0.0353,0.1709,0.3852,0.2417,0.1184,31
r1wm1z1wu,2022-11-01,0.8534,0.0804,0.0336,0.0224,0.0092,30
r1wm1z1wu,2022-12-01,0.9512,0.0336,0.0075,0.0049,0.0026,31
r1wm1z1wu,2023-01-01,0.9207,0.0455,0.017,0.0116,0.0048,31
r1wm1z1wu,2023-02-01,0.9183,0.0414,0.0252,0.0173,0.0072,28
r1wm1z1wu,2023-03-01,0.8899,0.0107,0.0435,0.0437,0.0108,31
r1wm1z1wu,2023-04-01,0.8693,0.0098,0.052,0.0512,0.0155,30
r1wm1z1wu,2023-05-01,0.8611,0.014,0.06,0.0445,0.0184,31
r1wm1z1wu,2023-06-01,0.8672,0.0152,0.058,0.0407,0.0172,30
r1wm1z1wu,2023-07-01,0.8775,0.0154,0.0544,0.0331,0.0133,31
r1wm1z1wu,2023-08-01,0.874,0.0318,0.0488,0.0304,0.0134,31
r1wm1z1wu,2023-09-01,0.8638,0.0164,0.058,0.0407,0.0193,30
r1wm1z1wu,2023-10-01,0.8466,0.0128,0.0631,0.0507,0.0247,31
r1wm1z1wu,2023-11-01,0.8069,0.0093,0.0632,0.0875,0.0309,30
r1wm1z1wu,2023-12-01,0.7387,0.0099,0.0607,0.1187,0.0686,31
r1wm1z1wu,2024-01-01,0.7061,0.0087,0.0825,0.1101,0.0886,31
r1wm1z1wu,2024-02-01,0.7016,0.0089,0.0981,0.1013,0.0859,2
